archivo,clase_real,clase_predicha,prob_Black_rot,prob_Esca,prob_Healthy,prob_Leaf_blight,correcto
003d09ef-e16c-4e8a-badf-847d46cb3dc0___FAM_B.Rot 3184.JPG,Black_rot,Black_rot,0.999438120696296,2.732377812871084e-05,3.902775599408076e-07,0.000534165248015324,True
00cab05d-e87b-4cf6-87d8-284f3ec99626___FAM_B.Rot 3244.JPG,Black_rot,Black_rot,0.9999921494336944,7.767232402192507e-06,3.3333373645769695e-08,5.000052987676767e-08,True
00cff577-afd4-4e36-ac9c-a52aa6ae5949___FAM_B.Rot 0508.JPG,Black_rot,Black_rot,0.999991282025686,5.401992833967549e-06,4.139953714542344e-08,3.2745819426502675e-06,True
02e135dd-a02e-40a5-a049-4b5fa978445c___FAM_B.Rot 3063.JPG,Black_rot,Black_rot,0.9680481367604502,0.03193750202445345,1.3800605228846328e-06,1.2981154573498234e-05,True
045e07eb-5005-4943-90f2-bd62525b1076___FAM_B.Rot 3524.JPG,Black_rot,Black_rot,0.9927351439536425,0.007262764895327353,5.806178214263298e-08,2.0330892480997017e-06,True
04af92d1-7da1-49a8-aba6-f7110b52a90f___FAM_B.Rot 3546.JPG,Black_rot,Black_rot,0.9808924675450762,0.019031650917860285,1.4990526185380856e-07,7.57316318016424e-05,True
06334f9c-abb5-4ded-b731-3588a818ec85___FAM_B.Rot 3497.JPG,Black_rot,Black_rot,0.9998913823857286,9.005301730130676e-05,3.420821698952158e-08,1.8530388752968084e-05,True
08a7300a-1e67-4441-9521-9168d47cd665___FAM_B.Rot 3020.JPG,Black_rot,Black_rot,0.973135413455389,0.02449124314630911,3.272195679992102e-05,0.0023406214415020283,True
0aff8add-93ad-4099-97ae-23515744e620___FAM_B.Rot 0748.JPG,Black_rot,Black_rot,0.9929345142233256,0.005694826364007827,0.001194678642128455,0.00017598077053789657,True
0baabe1e-b188-4c55-8f61-0f484f90c73b___FAM_B.Rot 3532.JPG,Black_rot,Black_rot,0.9984224469747148,0.001568416100518542,3.3491305587260773e-08,9.103433461218315e-06,True
0bc6da94-2f94-4e4f-8858-b1a855dffbdf___FAM_B.Rot 3420.JPG,Black_rot,Black_rot,0.9686865796403388,0.031172594456145283,1.4188986240087783e-05,0.0001266369172758766,True
0cf5d61f-fb1a-4533-b0aa-f174d2acdc82___FAM_B.Rot 0721.JPG,Black_rot,Black_rot,0.9976953480761288,0.001904900683475658,3.0847705824696174e-06,0.0003966664698131467,True
0d2c5ad5-1a2d-44f9-9be5-1aef9a51fb95___FAM_B.Rot 3469.JPG,Black_rot,Black_rot,0.9971872880083736,0.0027675429118082877,3.2312808964971203e-06,4.1937798921461907e-05,True
0d907173-6ef8-4fbd-b682-f0a7a5263de0___FAM_B.Rot 3298.JPG,Black_rot,Black_rot,0.995285012012184,0.0003011962264565933,1.3438656403136578e-05,0.004400353104956129,True
0e143d33-adc0-41af-92e2-d0bb712d7b72___FAM_B.Rot 5047.JPG,Black_rot,Black_rot,0.9999804137405457,1.4318086272869617e-05,3.336909718808008e-08,5.234804084267914e-06,True
0ff1ecfd-d94e-4459-b74e-47b82900a0aa___FAM_B.Rot 0329.JPG,Black_rot,Black_rot,0.9991385151216171,0.0008608376142233212,2.232416577662374e-07,4.2402250200424287e-07,True
1056d6dd-766a-4d2a-8f07-901eb402fa2a___FAM_B.Rot 0539.JPG,Black_rot,Black_rot,0.9992097096865866,0.0007899726387356008,1.1628344842344749e-07,2.0139122932546163e-07,True
127b3861-2889-4bc6-93a6-60ec07c77612___FAM_B.Rot 3615.JPG,Black_rot,Black_rot,0.9999488024092925,3.204076272054585e-07,4.317406065464537e-08,5.0834009019492396e-05,True
141056ca-ab0e-48b7-9495-7b193ccfccb7___FAM_B.Rot 3585.JPG,Black_rot,Black_rot,0.9999862527782002,5.059292797465406e-06,3.789554314208569e-08,8.650033459240222e-06,True
150f2f38-a17a-4d8b-9ba2-406c8d2e7b8a___FAM_B.Rot 3119.JPG,Black_rot,Black_rot,0.8819732302770021,0.11802528607641861,8.147024512235826e-07,6.689441279731528e-07,True
15970ab4-a9f2-4420-966b-38a0cad8f1dc___FAM_B.Rot 3606.JPG,Black_rot,Black_rot,0.8325574176693639,0.166106720205597,0.001081914149945323,0.0002539479750938506,True
15a4e7ad-b75d-433a-8bb8-097ab86a71fb___FAM_B.Rot 0515.JPG,Black_rot,Black_rot,0.9973199917788922,2.7404425695166784e-05,0.0002919707827755533,0.0023606330126372077,True
18e68e49-97d7-469e-b86f-eb8814aad525___FAM_B.Rot 3328.JPG,Black_rot,Black_rot,0.9992309802146752,0.0007654889375807548,3.3364776015608504e-08,3.497482968066397e-06,True
19fb3c5f-8c99-40da-96b0-4b66e0f87f04___FAM_B.Rot 3072.JPG,Black_rot,Black_rot,0.9915961728658191,0.00686327233584502,4.013375749178248e-05,0.0015004210408440294,True
1a6aabd0-7ca8-4074-a457-5a8f3662a7d7___FAM_B.Rot 3539.JPG,Black_rot,Black_rot,0.9924947828981128,0.0011095621218631467,1.4580682281831189e-05,0.006381074297742158,True
1b89066d-0c1a-4e7a-85de-361639737137___FAM_B.Rot 0657.JPG,Black_rot,Black_rot,0.9997383158671851,0.0002414383998125364,3.596765067246435e-08,2.0209765351665276e-05,True
1cf4f8fe-a820-4f3d-b69b-795e57e03a65___FAM_B.Rot 3438.JPG,Black_rot,Black_rot,0.9997882086358494,4.965283170006061e-05,6.707756248830608e-08,0.00016207145488811458,True
1e24a20d-3dbf-42fe-b3ee-0a1281a92159___FAM_B.Rot 0636.JPG,Black_rot,Black_rot,0.9952880190621822,0.004711518443373263,4.0198928775361716e-08,4.222955156450992e-07,True
1f3c15b8-5d36-4238-a6d3-f5a23ad8865c___FAM_B.Rot 3514.JPG,Black_rot,Black_rot,0.9503222884130856,0.04964045836649606,3.6820306648763173e-06,3.3571189753427395e-05,True
1f65cd54-490a-49a4-909c-a648ea5bc8ed___FAM_B.Rot 0498.JPG,Black_rot,Black_rot,0.4309087471664938,0.5690826485100755,9.551998294754562e-08,8.50880344774357e-06,True
1f9c1d18-b444-4f1f-befb-483955c9ff9d___FAM_B.Rot 0572.JPG,Black_rot,Black_rot,0.9999951603659074,2.629605462080936e-06,4.273422746590173e-08,2.167294402941455e-06,True
20116670-5108-4cd0-a941-b51046151c43___FAM_B.Rot 3551.JPG,Black_rot,Black_rot,0.9354824414068007,0.06371034998103692,6.488609226929236e-08,0.0008071437260701426,True
237405e4-4ba2-486f-b29f-ceed2a217a90___FAM_B.Rot 3225.JPG,Black_rot,Black_rot,0.9999263116113887,6.489189930077596e-05,3.343498918339578e-08,8.763054321526253e-06,True
23b27c33-a960-4f91-9160-045f3471ff7b___FAM_B.Rot 0430.JPG,Black_rot,Black_rot,0.9997406947444066,0.00025541188391419876,1.1247156849820347e-06,2.7686559944055976e-06,True
2588912e-39a8-40d7-a22c-a4cfdd4d09f5___FAM_B.Rot 3388.JPG,Black_rot,Black_rot,0.8715776481816728,0.12841782468544405,8.63043447262881e-08,4.440828538463823e-06,True
26164e5c-d4d9-469c-a182-e43a7acf843e___FAM_B.Rot 3053.JPG,Black_rot,Black_rot,0.6853338123349224,0.3142072324003633,0.00042927128765512466,2.9683977059451287e-05,True
288b8171-727a-49c5-ac1a-bda4698a284f___FAM_B.Rot 3580.JPG,Black_rot,Black_rot,0.9998135225946944,0.00012064993393497104,7.150461411449172e-07,6.511242522973487e-05,True
28e1d198-a1d1-4a3a-90e9-91b783c4c40a___FAM_B.Rot 3061.JPG,Black_rot,Black_rot,0.9982909523600201,0.0002507719165292935,1.9023985633290862e-06,0.0014563733248874225,True
2937853b-b9b5-4bb1-8dcc-913403781965___FAM_B.Rot 3565.JPG,Black_rot,Esca,0.2235978032094585,0.7758072544746559,7.906418593339694e-08,0.0005948632516994106,False
2967ce16-10d0-4a61-90af-4d5092c1538e___FAM_B.Rot 3054.JPG,Black_rot,Black_rot,0.979180467270686,0.020636189261470754,0.00018261293704755358,7.305307958049438e-07,True
2a23e141-e983-44b0-8898-5c65edf9d44e___FAM_B.Rot 0604.JPG,Black_rot,Black_rot,0.9968450516720494,0.0028253552842533126,0.0001614669960781684,0.00016812604761935895,True
2aca8f4c-4538-459d-8b6e-c84dfa0baa58___FAM_B.Rot 3247.JPG,Black_rot,Black_rot,0.9999983900648939,1.2117587571493463e-06,3.3334146445303504e-08,3.648422027468963e-07,True
2b65c0c7-ceaa-4e42-9bf7-8df56e73e992___FAM_B.Rot 0582.JPG,Black_rot,Black_rot,0.9999982602605868,9.937192015050497e-08,3.694253332513751e-08,1.6034249595356058e-06,True
2d362d18-4de1-4c49-8655-31d553305865___FAM_B.Rot 3485.JPG,Black_rot,Black_rot,0.9999982807249624,1.4612937911261157e-06,6.869315027918957e-08,1.892880963493436e-07,True
2d9c7e4e-a960-4de9-b606-d36c01b89778___FAM_B.Rot 0707.JPG,Black_rot,Black_rot,0.9942952986979466,0.005394417019509884,1.824540573527076e-07,0.000310101828486283,True
308370b6-de46-4127-ad4e-ccbc67725881___FAM_B.Rot 3230.JPG,Black_rot,Black_rot,0.9999277139258544,6.83151366701282e-05,3.335300325156166e-08,3.9375844723688835e-06,True
30a4f61a-34ef-4293-87bf-37b0b338c449___FAM_B.Rot 3121.JPG,Black_rot,Black_rot,0.9488517529711846,0.05111889378158547,4.6998557495338625e-08,2.9306248672283527e-05,True
314a8a7e-9409-4e3c-9be4-e00156db4d19___FAM_B.Rot 3542.JPG,Black_rot,Black_rot,0.9996189048487305,7.325312285783295e-05,9.844194696283089e-08,0.0003077435864645312,True
314f0d89-f61c-4076-8584-85f51fdcfb06___FAM_B.Rot 3566.JPG,Black_rot,Black_rot,0.8754891593415858,0.12411211135646819,1.721843361312114e-07,0.000398557117609729,True
32ccb28a-15a7-4358-8806-a052914b00e0___FAM_B.Rot 0523.JPG,Black_rot,Black_rot,0.9978536766602553,0.001424107377105225,3.9680472020080946e-05,0.0006825354906195021,True
33a6b4b5-8cc8-4533-b831-eb40c4ec61f9___FAM_B.Rot 3188.JPG,Black_rot,Black_rot,0.7086970466457891,0.2912770836195086,1.0814495041673434e-05,1.5055239660190155e-05,True
33f329ff-48f1-4c8d-b88c-2fcf9e2a94f7___FAM_B.Rot 3037.JPG,Black_rot,Black_rot,0.989175199597604,0.010763786468779091,9.953877836358188e-06,5.1060055780514447e-05,True
351a2629-8312-47fe-be70-2cd33d7548b5___FAM_B.Rot 3390.JPG,Black_rot,Black_rot,0.9998762029944959,8.743106700732173e-05,1.0714195511406679e-07,3.625879654168365e-05,True
3588f6c1-e117-4f85-b9e5-b2082d6dcf52___FAM_B.Rot 3419.JPG,Black_rot,Black_rot,0.9996863484535706,0.0002053418787021033,6.483634432193829e-05,4.347332340535279e-05,True
37556529-d885-49b1-a6dd-7250fdc34592___FAM_B.Rot 3618.JPG,Black_rot,Black_rot,0.9999283498461606,2.459265605893182e-05,5.516483684555299e-07,4.6505849411872744e-05,True
39022631-41f4-4d41-af30-f025f581ff7d___FAM_B.Rot 3285.JPG,Black_rot,Black_rot,0.9998609935164443,0.0001376432206446441,3.333570910472231e-08,1.3299272019140678e-06,True
39c4aca9-1462-49be-aebe-75dc63cc6ef3___FAM_B.Rot 0355.JPG,Black_rot,Black_rot,0.9973747953583078,0.002506042860031366,9.556108906421216e-06,0.00010960567275441323,True
39f49e8a-cd72-45bd-bcf5-a25f472fa6ac___FAM_B.Rot 0512.JPG,Black_rot,Black_rot,0.9999996450211299,2.715441329155284e-07,3.335903719191644e-08,5.0075700083041345e-08,True
3a101308-a8fc-4890-9dc9-48ae5a443790___FAM_B.Rot 0362.JPG,Black_rot,Black_rot,0.9949947754507331,0.00416624391890407,0.0005943419673395682,0.0002446386630229688,True
3a4dd05d-a912-4c16-a679-f00028a0d7b6___FAM_B.Rot 5011.JPG,Black_rot,Black_rot,0.9978725847054025,0.002102168626443972,3.4900584713697596e-08,2.5211767568603325e-05,True
3b54fead-5d85-40bc-a047-60815cde275e___FAM_B.Rot 5015.JPG,Black_rot,Black_rot,0.9539861131343166,0.04480591233913578,1.4857762241337804e-05,0.0011931167643064746,True
3f95e811-027a-4e6b-ab46-7dd5dd4dd2fd___FAM_B.Rot 0758.JPG,Black_rot,Black_rot,0.9984796984032249,0.0013042841520304685,5.304013339733488e-06,0.00021071343140479843,True
3ff156cc-1dca-4adb-9a14-ea922e0cd9d4___FAM_B.Rot 0745.JPG,Black_rot,Black_rot,0.9717500942044122,0.023073797667454397,0.003200199973914227,0.001975908154219177,True
41683bde-b97c-487c-b342-ed4cf21d129e___FAM_B.Rot 3017.JPG,Black_rot,Black_rot,0.9654208549560839,0.025282670390844086,0.00032691796669483115,0.008969556686377054,True
47590c82-1467-4008-a9a0-27d9f12bada5___FAM_B.Rot 0594.JPG,Black_rot,Black_rot,0.9997708573927045,0.0002273124044897111,5.758168971552082e-08,1.7726211160330393e-06,True
485c3608-0e75-4c55-acae-65b5c778f6d1___FAM_B.Rot 0333.JPG,Black_rot,Black_rot,0.9999287136728573,1.5984232968725005e-05,5.5076383511877304e-05,2.2571066203318047e-07,True
49133104-ac26-4ee4-ae4f-5901eff03cfb___FAM_B.Rot 0586.JPG,Black_rot,Black_rot,0.7879149482707061,0.21143281494000923,1.69511931146815e-06,0.0006505416699732783,True
4a73015b-dbd0-417f-98b3-2016561c9bae___FAM_B.Rot 3577.JPG,Black_rot,Black_rot,0.9984491872370269,0.001241555856091458,0.00028684006107118415,2.241684581061453e-05,True
4b052d59-caee-4a85-9ebb-27bf987e54b6___FAM_B.Rot 3016.JPG,Black_rot,Black_rot,0.9995585784650605,0.000382054949960777,1.560282224077992e-06,5.7806302754716346e-05,True
4b58bd4b-a23c-4677-b52e-5301a120c981___FAM_B.Rot 3150.JPG,Black_rot,Black_rot,0.6727625666337672,0.3255339347549314,0.0006847237221954774,0.0010187748891059042,True
4c2cf28e-6bec-4105-bdaf-b36fb046ab3e___FAM_B.Rot 3024.JPG,Black_rot,Black_rot,0.9932151052031992,0.006781451843298453,5.8194281947127914e-08,3.38475922044181e-06,True
4c6fe690-8921-42ea-ab54-06bcc21de388___FAM_B.Rot 0505.JPG,Black_rot,Black_rot,0.9867868919338636,0.012138364913950898,1.4227046340601438e-06,0.0010733204475513734,True
4d7a3011-3007-4854-8d1a-12bb807073db___FAM_B.Rot 3283.JPG,Black_rot,Black_rot,0.9995841191221729,0.0004152650529574162,3.3334282866609946e-08,5.824905867863459e-07,True
4e15bb20-cd99-4a38-b9e8-4a5bd97d8f07___FAM_B.Rot 0719.JPG,Black_rot,Black_rot,0.6099141191231982,0.38999235463137655,2.0031953666567288e-05,7.349429175875223e-05,True
4e9dc57c-9d1e-4e31-bb7e-a744a67d98ed___FAM_B.Rot 3263.JPG,Black_rot,Black_rot,0.999461778994295,0.0005251413594516058,3.354218096934756e-08,1.3046104072553188e-05,True
4f2e0b9d-ad36-4b62-a475-66f13ce3320b___FAM_B.Rot 0492.JPG,Black_rot,Black_rot,0.9999726341874906,1.7801834164669435e-05,5.486678495709996e-07,9.015310495018777e-06,True
515986ac-032f-479a-a71b-085e2e1d61c7___FAM_B.Rot 3404.JPG,Black_rot,Black_rot,0.9975566510576397,0.0024420652584249,3.5235356987235275e-08,1.2484485785530223e-06,True
51beded3-3dc0-4f1f-a6b9-45c74612b9a1___FAM_B.Rot 3005.JPG,Black_rot,Black_rot,0.5166791327582622,0.46856927577717866,0.00015532408792267143,0.014596267376636222,True
56fe18c8-e9bf-43ce-b7b8-960400a4555d___FAM_B.Rot 5092.JPG,Black_rot,Black_rot,0.9879721406481189,0.0006842149744858415,0.00015460867120434553,0.011189035706190998,True
590a10cc-dab5-4294-93ae-2c6ee606f9b7___FAM_B.Rot 3288.JPG,Black_rot,Black_rot,0.5270834619103797,0.4727487588356727,9.786957458215615e-05,6.990967936547361e-05,True
5982e6f4-421b-41ff-a557-a5f91848695b___FAM_B.Rot 3301.JPG,Black_rot,Black_rot,0.9956310100923735,0.003604528921944371,5.320741392245373e-06,0.0007591402442898451,True
59c05cb2-313c-41ac-a9bf-d7469bfa3199___FAM_B.Rot 0375.JPG,Black_rot,Black_rot,0.9925330371549227,0.004681679290015817,0.0019281971776040326,0.000857086377457423,True
5c74cb8c-adfa-4221-bbb9-bdc15edebadc___FAM_B.Rot 3086.JPG,Black_rot,Black_rot,0.9913860545542191,0.008121426030195788,5.468164594401954e-05,0.00043783776964121036,True
5ce9d6df-162c-4488-9b80-eadfcbd1d02c___FAM_B.Rot 0563.JPG,Black_rot,Black_rot,0.9993902446365404,0.00012661353746530835,3.253463740192174e-07,0.0004828164796202324,True
5ffd7e9b-c750-4e10-8046-51d0c866fc8e___FAM_B.Rot 3562.JPG,Black_rot,Black_rot,0.8775986464737642,0.12219718955102553,9.1190969671381e-08,0.000204072784240581,True
613cac81-8048-40f7-892f-bb2e496cd7ea___FAM_B.Rot 0620.JPG,Black_rot,Leaf_blight,0.3915585263489505,4.626675346747334e-05,0.010887513410744289,0.5975076934868374,False
615114a7-bd90-46f4-a2fe-fb4021bbf4d1___FAM_B.Rot 3227.JPG,Black_rot,Black_rot,0.9997514973977335,0.00024822783565391267,3.3333413792192865e-08,2.414331986381697e-07,True
61a3d458-6b32-4191-ab56-75ead7362294___FAM_B.Rot 3473.JPG,Black_rot,Black_rot,0.9992279231456994,0.0007718285286525277,3.3425303598955066e-08,2.1490034441397695e-07,True
61fff4d4-7012-4171-bfed-5ca53f55abdb___FAM_B.Rot 0352.JPG,Black_rot,Black_rot,0.9979073135165226,0.002092525872916655,5.8029657505737655e-08,1.0258090326696225e-07,True
622a1243-a2f2-4888-aed6-0eb3186b6e7e___FAM_B.Rot 3603.JPG,Black_rot,Black_rot,0.8126472551028798,0.18732072861493163,2.2776085815042335e-05,9.240196373688953e-06,True
636b8472-ce10-4889-a68f-c71d407768e6___FAM_B.Rot 3573.JPG,Black_rot,Black_rot,0.8732825200774327,0.12570049536176248,7.63548073294906e-07,0.0010162210127315694,True
637315db-ce84-425a-b2d3-4284e8a8e3c5___FAM_B.Rot 0347.JPG,Black_rot,Black_rot,0.9999833348264292,1.3255762012009372e-05,2.6814464729346347e-06,7.279650857688665e-07,True
639728f8-1d6b-4f6f-860c-2c48653eb564___FAM_B.Rot 3547.JPG,Black_rot,Black_rot,0.47389141419695485,0.5237832265181059,4.2876530395827e-06,0.002321071631899616,True
63e24d93-6779-49b5-b0d0-d793cd68943b___FAM_B.Rot 3436.JPG,Black_rot,Black_rot,0.9942423273579932,0.0057232317390844886,3.708375271624716e-08,3.440381916975246e-05,True
65fb7d1a-293a-4580-ab2b-405a1a9dfe1a___FAM_B.Rot 0733.JPG,Black_rot,Black_rot,0.9945364347257682,0.0052031031119813016,4.18521044647589e-06,0.00025627695180411566,True
669168c0-ff03-4708-a10a-153d5cd1e10f___FAM_B.Rot 3481.JPG,Black_rot,Black_rot,0.9603801404299391,0.03950882066792191,9.340391965223644e-05,1.7634982486816053e-05,True
674d1b13-c042-4b8d-8df3-406ba1ea6c9f___FAM_B.Rot 0736.JPG,Black_rot,Black_rot,0.999909748599989,5.3037135308721896e-05,1.06508579785337e-05,2.656340672374423e-05,True
6813e6bf-0878-4e6b-85a2-24e2a7c563d0___FAM_B.Rot 3385.JPG,Black_rot,Black_rot,0.9952651151124373,0.004699838620366683,3.4803362999265666e-08,3.5011463832922355e-05,True
690624b3-100d-4a73-b824-9b55886cd6fe___FAM_B.Rot 3104.JPG,Black_rot,Black_rot,0.9980246656553258,0.0010376804095386255,6.4867004318424595e-06,0.0009311672347036523,True
6a292305-78bc-4000-ad62-857b4261fec5___FAM_B.Rot 5090.JPG,Black_rot,Black_rot,0.998830465509539,0.0011658479226681134,3.3346319067803577e-08,3.6532214739773522e-06,True
6acf2de1-9910-489e-b856-95bc36d5e37d___FAM_B.Rot 0754.JPG,Black_rot,Black_rot,0.9924378382758834,0.0071902796364578195,0.0003009695734747391,7.091251418386395e-05,True
6b3a82f8-61f3-4060-aa07-ff552894ef35___FAM_B.Rot 3440.JPG,Black_rot,Black_rot,0.999952481731229,4.6856093437769444e-05,5.970872229073863e-08,6.02466611032099e-07,True
6c466f8c-fb76-4ae4-90fa-5763875c477e___FAM_B.Rot 3354.JPG,Black_rot,Black_rot,0.9977791413577854,0.002210819986497011,4.166419479341379e-08,9.99699152271972e-06,True
6cd047c1-d4c4-4215-8e8a-d81c7f5a3669___FAM_B.Rot 0408.JPG,Black_rot,Black_rot,0.9967890624889273,0.0032090845374744877,1.412582594053135e-06,4.403910040802163e-07,True
6d74c9ed-be59-4d6b-a01d-e25eaa2bd156___FAM_B.Rot 5030.JPG,Black_rot,Black_rot,0.9790890832987492,0.020662030475176268,4.4213989750242666e-05,0.00020467223632427773,True
6dc433e2-eb64-4e1d-8a79-12c568f88ff4___FAM_B.Rot 0384.JPG,Black_rot,Black_rot,0.972379003260078,0.014198292739799093,0.005701301409884215,0.007721402590239059,True
6e894a5f-a531-47b6-8aae-cea0471d3442___FAM_B.Rot 3282.JPG,Black_rot,Black_rot,0.9999897478119513,1.0133196635852933e-05,3.3336957982890956e-08,8.565445475627345e-08,True
6f47e933-57e2-4361-8dc2-1f85f7c231dc___FAM_B.Rot 3415.JPG,Black_rot,Black_rot,0.9874202009159673,0.012472269901858474,1.0846876698606224e-07,0.00010742071340727226,True
727be1bc-7ae8-474a-9062-95d7682663c5___FAM_B.Rot 3462.JPG,Black_rot,Black_rot,0.9986682012511173,0.0011213667246205456,8.01132470298057e-08,0.00021035191101507138,True
76792775-239d-479b-8ff7-828b5ce8bb36___FAM_B.Rot 0339.JPG,Black_rot,Black_rot,0.9196460481014506,0.08000644485450115,0.00027824030345109386,6.926674059726374e-05,True
78428025-b8be-4035-b358-92dd99fb0d04___FAM_B.Rot 0476.JPG,Black_rot,Black_rot,0.9979613582084756,0.0020324893686841454,7.664514469346159e-07,5.3859713933060725e-06,True
7a587206-10d9-4f16-9398-8e97a41d44ec___FAM_B.Rot 0349.JPG,Black_rot,Black_rot,0.9075035904535808,0.09244057953358546,5.122366128441803e-05,4.606351549334044e-06,True
7a7e0600-62cb-4cf2-95e1-9e69489b3470___FAM_B.Rot 3393.JPG,Black_rot,Black_rot,0.9999000687288437,2.684216942582495e-05,2.8740039895653076e-07,7.280170133163821e-05,True
7ad894ca-3f99-48ea-9470-fb98a41d8b67___FAM_B.Rot 0327.JPG,Black_rot,Black_rot,0.9995034664327498,7.592385748090734e-05,0.00017298927000885611,0.00024762043976048057,True
7afbee91-43f6-444f-a26d-9bcd9219b72b___FAM_B.Rot 3563.JPG,Black_rot,Black_rot,0.6123913064404075,0.38748672987711685,4.44474710875142e-05,7.75162113881107e-05,True
7b4a3140-6a68-43ee-b782-bf51970e6c1d___FAM_B.Rot 3250.JPG,Black_rot,Black_rot,0.9951409050280042,0.004835151778000395,7.857008197254705e-08,2.386462391349914e-05,True
7b6831ec-c21f-4b02-8f83-7c08a9eab2ff___FAM_B.Rot 3523.JPG,Black_rot,Black_rot,0.9873068513729176,0.012677170595109095,7.899777301187568e-08,1.5899034200294555e-05,True
7b68f373-bb42-4477-86f6-5c69768180bc___FAM_B.Rot 3538.JPG,Black_rot,Black_rot,0.99993771474217,5.8502724103303275e-05,3.335197915980659e-08,3.749181747824316e-06,True
7c074ced-f3b9-4fcb-81ae-7fea89fe30ca___FAM_B.Rot 0448.JPG,Black_rot,Black_rot,0.9999991484001821,5.377370780461423e-07,1.767257158178419e-07,1.3713702401500778e-07,True
7e623a79-a7da-48b1-afeb-09e9962d2813___FAM_B.Rot 0365.JPG,Black_rot,Black_rot,0.9976558032753926,0.0019028501236895182,0.00023227892704490082,0.00020906767387282403,True
7ea77255-d587-474e-a4ab-f25e78c41fa0___FAM_B.Rot 3468.JPG,Black_rot,Black_rot,0.9985417238475458,0.001394459292829068,4.184043764501557e-08,6.37750191876421e-05,True
7fbb0b77-ca88-47ce-ad8e-83923e8e816c___FAM_B.Rot 0385.JPG,Black_rot,Black_rot,0.9857943001406416,0.012107714273220771,0.0017521981084140303,0.0003457874777237128,True
82557506-a1bd-48eb-af05-af9271673fd2___FAM_B.Rot 3480.JPG,Black_rot,Black_rot,0.9999309763850657,4.0894502569032314e-05,3.532348765025082e-08,2.8093788877687414e-05,True
83583a39-fa21-4c4c-af8e-df675210eb91___FAM_B.Rot 3560.JPG,Black_rot,Black_rot,0.8569045739241457,0.14251394808968346,2.5658572805569275e-07,0.0005812214004427293,True
83b866ce-0785-4312-8e43-1ae8aa59d3bd___FAM_B.Rot 3518.JPG,Black_rot,Black_rot,0.9865101837942883,0.011609258786570055,1.8616321823993665e-05,0.0018619410973175583,True
84d48be8-eb1e-4c4f-96bc-527cbacb6334___FAM_B.Rot 3360.JPG,Black_rot,Black_rot,0.9734845735187038,0.02647262137330846,4.6238351381748434e-07,4.234272447396481e-05,True
8557739e-484e-42dc-871e-f4373b361024___FAM_B.Rot 0690.JPG,Black_rot,Black_rot,0.9999970520123733,1.2868371800453714e-06,3.918810642227211e-07,1.2692693824145783e-06,True
85604599-9409-4a23-99ee-b08e778a11c2___FAM_B.Rot 3395.JPG,Black_rot,Black_rot,0.9951378213558061,0.003541930499434241,9.360234414403426e-06,0.0013108879103453047,True
882ad038-3d79-491d-b9f4-dc3357e5b34e___FAM_B.Rot 0602.JPG,Black_rot,Black_rot,0.9946467796944227,0.005252154620461974,4.110956327654212e-05,5.9956121838923614e-05,True
8bd61999-0165-466a-aaf7-dd9e75885f50___FAM_B.Rot 3586.JPG,Black_rot,Black_rot,0.9999765027545879,3.5133339798226617e-06,7.872037523292263e-08,1.9905191057291814e-05,True
8e972621-5e05-4b55-a371-80c1db805fff___FAM_B.Rot 0402.JPG,Black_rot,Black_rot,0.8629239451372404,0.12616545355679498,0.006187482133416754,0.004723119172547648,True
8f9dcda2-c2cc-4c34-8032-2dfa5c74bd17___FAM_B.Rot 0744.JPG,Black_rot,Black_rot,0.971211991547291,0.025153019122517207,0.0002832202143230753,0.0033517691158687015,True
8fc8f799-0c6f-4b34-af68-3a8d89f1a49f___FAM_B.Rot 0710.JPG,Black_rot,Black_rot,0.8470289430247451,0.15292728568638872,3.851834595420395e-05,5.252942912087864e-06,True
9142e7d3-183b-4c3f-a255-5fff2e6c208a___FAM_B.Rot 0382.JPG,Black_rot,Black_rot,0.9572543080488757,0.028772743499453666,0.011053226205585803,0.0029197222460850044,True
916a177a-421c-4db0-9cff-22583bf4fbf7___FAM_B.Rot 3224.JPG,Black_rot,Black_rot,0.9999547616309454,4.373343838918095e-05,3.333616161081223e-08,1.471594503765923e-06,True
91bc5e98-a8c6-4307-9c1b-28f02d9514b8___FAM_B.Rot 0596.JPG,Black_rot,Black_rot,0.9500815790007439,0.0010099717587355665,0.008596171996001134,0.040312277244519266,True
926d12b2-ca2a-47c1-bf78-dab6e7826069___FAM_B.Rot 3239.JPG,Black_rot,Black_rot,0.9993869481349702,0.000436706466025957,8.82396090531322e-07,0.000175463002913167,True
9337b973-61c3-48bc-9c57-e506856df46d___FAM_B.Rot 3361.JPG,Black_rot,Black_rot,0.9758517688503258,0.024094455200473083,5.240645576819533e-07,5.3251884643580194e-05,True
967a897e-f058-4f33-bb28-fcc57206eb4f___FAM_B.Rot 0484.JPG,Black_rot,Black_rot,0.999946632491415,4.059215077660772e-05,8.087860705549353e-06,4.687497102594715e-06,True
974b2e6d-631b-4eb7-afe2-52d527d1618c___FAM_B.Rot 0670.JPG,Black_rot,Black_rot,0.8519455439306691,0.148048734832249,3.142409246114057e-06,2.5788278356116794e-06,True
98f4ba39-5593-47ae-ad38-9d0dfb8da853___FAM_B.Rot 3430.JPG,Black_rot,Black_rot,0.9982717303016717,0.0017235386833358115,3.343457548126338e-08,4.697580417263826e-06,True
9a65f651-1b87-4580-b00e-41fe31f950f4___FAM_B.Rot 5055.JPG,Black_rot,Black_rot,0.9996599893230596,0.000337980870064208,3.333841803674388e-08,1.9964684581155607e-06,True
9eb19238-5388-4e56-88a0-8351da034735___FAM_B.Rot 0545.JPG,Black_rot,Black_rot,0.9999141340499053,9.87607616941512e-07,3.693017565408433e-08,8.484141230196771e-05,True
9fa2219a-57c9-4938-9221-0365a180397d___FAM_B.Rot 0751.JPG,Black_rot,Black_rot,0.9987119234979855,0.0012854645185676956,1.0129359685831164e-06,1.5990474781485915e-06,True
a11136cd-a221-495a-b8ea-8d85375935cb___FAM_B.Rot 5105.JPG,Black_rot,Black_rot,0.9967592313150905,0.0026628732288255484,4.7282435078189487e-07,0.0005774226317332146,True
a22f6001-3214-4e63-8527-eb1b0035d226___FAM_B.Rot 3460.JPG,Black_rot,Black_rot,0.8912888885952107,0.10858094724697057,5.967966342439107e-08,0.00013010447815534068,True
a2718fdc-806f-4a37-a4f6-8bb90bcb3dea___FAM_B.Rot 0683.JPG,Black_rot,Black_rot,0.9997776562283739,4.477072311995241e-06,5.390215815352298e-06,0.00021247648349852408,True
a2900ade-54bd-43db-a003-7c468d9b0a1e___FAM_B.Rot 0489.JPG,Black_rot,Black_rot,0.9989231113002868,0.0010090553796148472,6.514674793334559e-05,2.6865721650444853e-06,True
a30c651a-ef6a-4c84-9fc8-b79663d71a9a___FAM_B.Rot 0589.JPG,Black_rot,Black_rot,0.9966868238984299,0.0032017395381794688,8.158155381024557e-06,0.00010327840800959782,True
a376b8ce-9cff-442f-a3b6-71e74a097876___FAM_B.Rot 0528.JPG,Black_rot,Black_rot,0.9983338820203064,0.0014377765276091137,1.8352757966619322e-06,0.0002265061762879231,True
a3bcb66a-36e5-4c73-801a-4e1013c30058___FAM_B.Rot 3219.JPG,Black_rot,Black_rot,0.9997754472554431,0.00021559941940725686,3.343903145093066e-08,8.919886118247935e-06,True
a6195b76-5823-430b-a07e-870a2f8ac6b2___FAM_B.Rot 5009.JPG,Black_rot,Black_rot,0.9952249448360718,0.004681823413389173,4.767567770329678e-08,9.318407486128767e-05,True
a71b79c9-e226-4e66-b83a-8846f6239f44___FAM_B.Rot 0698.JPG,Black_rot,Black_rot,0.9924639764567669,0.007435488263894487,6.214611791801528e-08,0.00010047313322070255,True
a7274e97-1a7e-4446-a127-7f0f3f961bd5___FAM_B.Rot 3248.JPG,Black_rot,Black_rot,0.9999961516394669,3.7646816684961785e-06,3.333340779849419e-08,5.034545670287464e-08,True
a878bcb3-65e4-44ee-88bf-b2a8be8cc360___FAM_B.Rot 3199.JPG,Black_rot,Black_rot,0.8216530668945176,0.1783455999547939,5.503591689163009e-07,7.827915197894646e-07,True
a919f188-f2ef-4e7a-88f7-236491cd4ba8___FAM_B.Rot 3500.JPG,Black_rot,Black_rot,0.9999345120161345,5.154844252464388e-05,3.36567353191616e-08,1.3905884605569654e-05,True
a91b8702-6001-4dc7-afff-8f0181fc984e___FAM_B.Rot 0412.JPG,Black_rot,Black_rot,0.9999007186311972,7.51529109166942e-05,2.37419100397476e-05,3.865478465966974e-07,True
a935ac99-f72a-4111-bb0c-74ced5e33402___FAM_B.Rot 0381.JPG,Black_rot,Black_rot,0.980568659656736,0.019128579654692723,0.00023699970836818963,6.576098020311295e-05,True
aa600fb5-718b-443a-b959-21d13c97a5c2___FAM_B.Rot 0686.JPG,Black_rot,Black_rot,0.9633066582658864,0.03663505279467624,5.134663535873541e-05,6.942304078530294e-06,True
ad5918ba-cd64-4a4e-aaab-f5d647e9a63f___FAM_B.Rot 3366.JPG,Black_rot,Black_rot,0.9830962881471986,0.016893112490825146,1.0999737853684674e-07,1.048936459767403e-05,True
aebd67f2-eeb7-4330-8690-5cc18772e344___FAM_B.Rot 0737.JPG,Black_rot,Black_rot,0.9999662018733523,1.003519581950201e-05,1.548676990056153e-06,2.2214253837986717e-05,True
afa86601-30e0-4a13-8812-db5ca9760afa___FAM_B.Rot 3159.JPG,Black_rot,Black_rot,0.9993938787819299,0.0005995831918010882,3.5889157351089775e-08,6.502137111739771e-06,True
b05b2685-6ef2-48b3-b52c-8c006866b30d___FAM_B.Rot 0480.JPG,Black_rot,Black_rot,0.9999888017761941,7.637225172930027e-06,3.5898164930948065e-08,3.5251004679812915e-06,True
b097ed98-241d-43c9-9bd9-1501bbf7a311___FAM_B.Rot 0679.JPG,Black_rot,Black_rot,0.9925932588861599,0.0011175676448408214,0.00023882019369670336,0.006050353275302512,True
b15f50bc-64db-428b-a65c-786befec714e___FAM_B.Rot 0369.JPG,Black_rot,Black_rot,0.8524263990297187,0.09438837456386445,0.00028524621722794756,0.05289998018918869,True
b7df7350-df6a-4c70-8f77-21bc218442c9___FAM_B.Rot 3200.JPG,Black_rot,Black_rot,0.9999636636224776,3.590842264063882e-05,3.33338402035225e-08,3.946210417014505e-07,True
b88e508b-a46e-47fe-96b1-050985624390___FAM_B.Rot 3522.JPG,Black_rot,Black_rot,0.9996548156440744,0.00033894296319309295,6.459883540393936e-08,6.176793896936048e-06,True
b8abc779-4fac-4e5f-abb6-f46d0866f9eb___FAM_B.Rot 0641.JPG,Black_rot,Esca,0.4104909792501188,0.5687769707349813,0.001841578808702823,0.018890471206196982,False
b8b61796-7482-4057-996a-af8e54ab9761___FAM_B.Rot 5060.JPG,Black_rot,Black_rot,0.9992341211950392,0.0005198033359178963,1.1204694754977378e-07,0.0002459634220951304,True
bacc041a-df0e-401f-8da5-85303f596784___FAM_B.Rot 0592.JPG,Black_rot,Black_rot,0.999729122373956,0.00018612972373143122,1.2304972585613689e-05,7.244292972693674e-05,True
bb424988-a1c3-4bef-a4a5-8388c4243795___FAM_B.Rot 0631.JPG,Black_rot,Black_rot,0.9999986986995012,1.2178923153746526e-06,3.33788486311419e-08,5.002933482796243e-08,True
bb4d2497-0f5d-419e-84d3-685883e333b6___FAM_B.Rot 3375.JPG,Black_rot,Black_rot,0.9962237856805919,0.0037687199302772465,3.3572363494454184e-08,7.460816767196996e-06,True
bc248029-8236-4e2c-8343-c9ebf0abe24d___FAM_B.Rot 3564.JPG,Black_rot,Black_rot,0.6955876112127505,0.3039702797281351,1.2809341563867399e-05,0.0004292997175503288,True
bd1b82f6-2438-4204-9a6a-3a0b335172d1___FAM_B.Rot 3310.JPG,Black_rot,Black_rot,0.9925910473371777,0.0005899262668318563,1.521447706668091e-05,0.006803811918923633,True
c00ea3f6-3316-4328-8ff5-2849c6a18719___FAM_B.Rot 5048.JPG,Black_rot,Black_rot,0.9995678310086125,0.0004293793715656216,3.340462257835799e-08,2.756215199355512e-06,True
c3137679-a88f-4603-b027-faf156763d61___FAM_B.Rot 0616.JPG,Black_rot,Black_rot,0.9910554051796336,0.008942229304936707,4.14178374686102e-08,2.3240975923419786e-06,True
c38471f9-9a18-4816-8237-36e727c17a93___FAM_B.Rot 0695.JPG,Black_rot,Black_rot,0.978242342402836,0.021523207102303658,5.7912173243141516e-05,0.00017653832161721833,True
c448ff18-fa6f-4efa-a7f5-813d57279a26___FAM_B.Rot 3059.JPG,Black_rot,Black_rot,0.9551548638032288,0.044591011463502465,4.528711445383288e-05,0.00020883761881496123,True
c4d154d9-6a5b-4a81-aa85-b9d5a5a00e89___FAM_B.Rot 3613.JPG,Black_rot,Black_rot,0.9984849270858993,8.494361915443283e-06,0.0012598862084662558,0.00024669234371885727,True
c4d8a014-c573-41fe-afb0-e4b1fb96d62a___FAM_B.Rot 0673.JPG,Black_rot,Black_rot,0.4644569761610614,0.5355404824614205,6.792181949723011e-07,1.862159323304706e-06,True
c6e07980-33d0-4e8b-a552-e738c1054907___FAM_B.Rot 3229.JPG,Black_rot,Black_rot,0.9999984414195211,9.81672563942338e-07,3.333405318290653e-08,5.435738617217078e-07,True
c6e1f132-3e73-4c9a-acee-ca707f2203d7___FAM_B.Rot 5008.JPG,Black_rot,Black_rot,0.9894499757429939,0.010487337907706624,8.042470574066029e-07,6.188210224214795e-05,True
c813333e-eed5-4934-8e83-39ffd9a52d3f___FAM_B.Rot 0371.JPG,Black_rot,Black_rot,0.8634644317439982,0.00047261541049770296,0.13535537762290858,0.0007075752225952474,True
ccbc65da-e98d-4478-b7d6-3eb08e0180a3___FAM_B.Rot 0324.JPG,Black_rot,Esca,0.3626050488624692,0.6357382428967562,0.001471285269552353,0.00018542297122222696,False
cd21d350-3a40-45b8-8c67-c15c2a336545___FAM_B.Rot 3206.JPG,Black_rot,Black_rot,0.9986499933787354,0.0013482939829108662,3.333702793765598e-08,1.679301325722327e-06,True
d045079f-ca24-4e40-b203-7c70608c9d02___FAM_B.Rot 0665.JPG,Black_rot,Black_rot,0.9999262288672677,3.5671827085494166e-05,4.1734537176917486e-08,3.805757110954685e-05,True
d0837299-34cf-476b-af90-68d4ed50a4a3___FAM_B.Rot 5021.JPG,Black_rot,Esca,0.10772601177134758,0.886486857960476,0.00011703370092848553,0.005670096567248052,False
d1754451-f16a-4bf8-bdeb-815c7ee5f9f1___FAM_B.Rot 3145.JPG,Black_rot,Black_rot,0.9995456791717456,0.0002443062094588922,0.00020335544221279794,6.659176582527064e-06,True
d3bc40cd-beca-449a-9ec3-f50981efe749___FAM_B.Rot 0702.JPG,Black_rot,Black_rot,0.9807496982492557,0.01903999738091015,0.00020613590309717596,4.1684667369674205e-06,True
d4378ee2-b739-4faa-9e85-7f1d37c49f4e___FAM_B.Rot 3134.JPG,Black_rot,Black_rot,0.9963266985572363,0.0035376412482230474,9.653991474781907e-05,3.91202797930724e-05,True
d58acc59-80a3-4c13-9b8a-831cc49dd93c___FAM_B.Rot 3627.JPG,Black_rot,Black_rot,0.9983326616277541,0.0006796719063743774,8.09356312843611e-05,0.000906730834586897,True
d824b284-23c5-4244-aa1b-7858c99872b3___FAM_B.Rot 2997.JPG,Black_rot,Black_rot,0.9951204319306649,0.004466611271382722,6.586369418159285e-06,0.0004063704285342902,True
d8785cc9-3792-41f4-b929-55497d96fd3a___FAM_B.Rot 5088.JPG,Black_rot,Black_rot,0.9999876607988928,4.579125736865645e-06,3.341197546484333e-08,7.726663395010483e-06,True
d8c8ca0e-67a1-41dd-a1b1-8900a138dac8___FAM_B.Rot 3048.JPG,Black_rot,Esca,0.033530979337680025,0.9664595543427001,9.214771222493693e-06,2.515483972732293e-07,False
dc085020-b7b7-409d-ae76-364cf7df2b93___FAM_B.Rot 3013.JPG,Black_rot,Black_rot,0.8230950945973959,0.15459790391713352,0.001982804102785449,0.020324197382685004,True
dc51d657-a8d2-46b1-b16e-014478dc364a___FAM_B.Rot 0488.JPG,Black_rot,Black_rot,0.962017363178332,0.03785962205039657,0.00011308220770970557,9.932563561851207e-06,True
dc6c5087-2e7e-4512-8861-15f7b881a2f1___FAM_B.Rot 3203.JPG,Black_rot,Black_rot,0.998673297901009,0.0012322819829122225,1.7165467540494813e-07,9.42484614032794e-05,True
dd9d9f5b-382d-4348-b878-618b99f19915___FAM_B.Rot 3286.JPG,Black_rot,Black_rot,0.999987748405817,1.2168223142377419e-05,3.333344661998665e-08,5.0037594209570255e-08,True
de422312-2639-46bf-86f4-e8f81a97f296___FAM_B.Rot 0646.JPG,Black_rot,Esca,0.2624482277465917,0.7375298312964378,1.3039628888667969e-07,2.1810560681620282e-05,False
dec9f28b-299d-4c2d-8e46-89c700aa94c1___FAM_B.Rot 5091.JPG,Black_rot,Black_rot,0.9999842985880308,1.1105663617315689e-05,3.335465034699091e-08,4.562393701455139e-06,True
e034377a-c8b8-4257-8673-e3a0d776c06f___FAM_B.Rot 3327.JPG,Black_rot,Black_rot,0.9999200455276759,7.861812383931413e-05,5.5844349530540075e-08,1.2805041351435225e-06,True
e279a08d-52a9-440d-9f23-1dd186e637ad___FAM_B.Rot 3476.JPG,Black_rot,Black_rot,0.9589110958004953,0.04108692441839515,3.3380252312818114e-08,1.9464008572256175e-06,True
e441a2b0-1428-43b4-bbfc-a938f50e4e39___FAM_B.Rot 0499.JPG,Black_rot,Black_rot,0.9997606406749836,0.00023908067564454164,4.1948419079785326e-08,2.367009526940212e-07,True
e615e7ad-18b3-431c-b5fd-809aa7909c06___FAM_B.Rot 3276.JPG,Black_rot,Black_rot,0.9997030227071237,0.00029689394340244726,3.3335478363920335e-08,5.00139954790834e-08,True
e6444b5c-2944-46c8-a188-b9fbb366a931___FAM_B.Rot 0655.JPG,Black_rot,Black_rot,0.8877120768217743,0.11228492328453588,7.455159275764135e-08,2.925342097032988e-06,True
e7cae881-171d-442c-aa19-04b82b6c055d___FAM_B.Rot 0534.JPG,Black_rot,Black_rot,0.9852984951901617,0.014468180975289444,2.4534572998860045e-07,0.00023307848881903048,True
e82a61a4-b7fd-4db6-b2d2-35068d9bb17e___FAM_B.Rot 0496.JPG,Black_rot,Black_rot,0.9256861510231797,0.07431142410271245,2.643441583660332e-07,2.160529949399578e-06,True
e83845d6-8cd7-4dd7-a71e-3a901bc6db06___FAM_B.Rot 0559.JPG,Black_rot,Black_rot,0.9131618070528075,0.08643104840576911,2.143837295612043e-07,0.00040693015769381765,True
e982ebd2-1228-49d9-8a12-e7160b968770___FAM_B.Rot 5022.JPG,Black_rot,Black_rot,0.9948953896690054,0.004440847669176494,8.009272309533273e-07,0.0006629617345872977,True
eb651328-cf60-4e40-b61d-0a624cdc21aa___FAM_B.Rot 0366.JPG,Black_rot,Black_rot,0.9668052966657393,0.031005796918028718,0.0018550139907182112,0.00033389242551381,True
ec615758-021e-4ab2-9c11-c622e020ed99___FAM_B.Rot 0624.JPG,Black_rot,Black_rot,0.9570381625944473,0.042941964105960205,3.98615299035782e-08,1.9833438062630862e-05,True
ed534915-4d99-4f6b-927d-2ebc57650d9d___FAM_B.Rot 0450.JPG,Black_rot,Black_rot,0.9999933594500682,5.796810654094059e-06,6.038990879955013e-08,7.833493692659438e-07,True
ed597021-7eeb-4a4f-9328-c99f7c21e9f0___FAM_B.Rot 3426.JPG,Black_rot,Black_rot,0.9975451030548406,0.00015280709754831562,3.6787637501319913e-06,0.002298411083861125,True
ee376899-ae9e-4f14-9e05-11aa9517487f___FAM_B.Rot 0652.JPG,Black_rot,Black_rot,0.9985879579438722,0.0014075486767847001,3.3356821805076035e-08,4.460022521226179e-06,True
ee45e010-fd06-443a-b845-885ebbcebfd8___FAM_B.Rot 3449.JPG,Black_rot,Black_rot,0.995041311142049,0.004688211612922468,2.5681804806958e-07,0.0002702204269804321,True
f00f7ab3-5f23-4088-90e4-c6dcbb08333b___FAM_B.Rot 0588.JPG,Black_rot,Black_rot,0.9981928562744362,0.0010359643041339731,4.8329473380909336e-06,0.0007663464740918037,True
f014c5bf-d06a-42c7-8a51-bdfb38c6a815___FAM_B.Rot 0495.JPG,Black_rot,Black_rot,0.8774668318890266,0.12240716470533627,2.8264110684616906e-07,0.0001257207645300382,True
f5305b02-0f2c-44a4-a572-69a00304687b___FAM_B.Rot 0714.JPG,Black_rot,Black_rot,0.9911600843938573,0.008810303037994962,5.453753486908592e-07,2.9067192799064e-05,True
f56702cc-1ef3-40c6-8f93-cd9ab87c3ed1___FAM_B.Rot 0509.JPG,Black_rot,Black_rot,0.9995282476940445,0.00046742722656098153,5.059906456538896e-07,3.819088748772734e-06,True
f5e5fde4-c121-40d8-b4a5-59fe23e83c31___FAM_B.Rot 3434.JPG,Black_rot,Black_rot,0.9708881725890214,0.029105734010781883,6.799528946230836e-07,5.4134473020602795e-06,True
f671aef3-95ba-403e-bfc8-8fbb1ca9b5a5___FAM_B.Rot 0425.JPG,Black_rot,Black_rot,0.9998877443434631,0.00010577309415728005,5.865797235350426e-06,6.167651443146572e-07,True
f8440406-4060-4fea-afba-25fd341d35a8___FAM_B.Rot 3435.JPG,Black_rot,Black_rot,0.9723751513713277,0.02756329159837308,5.305863092365555e-07,6.102644398984858e-05,True
f8ce6709-9d70-4f6b-bd18-a63147d4c228___FAM_B.Rot 5043.JPG,Black_rot,Black_rot,0.9990085398568895,0.0006541431675686869,1.8423409975654584e-07,0.00033713274144204656,True
f8ee6c26-bb61-4956-a3fb-8a96342249fa___FAM_B.Rot 3158.JPG,Black_rot,Black_rot,0.9930316511680175,0.0068203524339370955,3.7102730621876284e-05,0.00011089366742337636,True
f8fb0b69-eb91-4772-8a86-41adf65bd2db___FAM_B.Rot 3149.JPG,Black_rot,Black_rot,0.999899209609308,3.0888842319171133e-06,3.510675723932908e-05,6.259474922101604e-05,True
f90852f3-bbcb-4845-afe2-ea6198b0c3d5___FAM_B.Rot 3455.JPG,Black_rot,Black_rot,0.9899951967274058,0.009939645036624931,1.1118568579331865e-05,5.403966738998053e-05,True
fa33303a-2183-4ff9-8a61-71bd6d1fd49f___FAM_B.Rot 3411.JPG,Black_rot,Black_rot,0.9685171231446094,0.031457893291243745,1.0222053074542199e-05,1.4761511072467429e-05,True
fae1aeea-8bd7-4d59-97cb-3a7dd324e550___FAM_B.Rot 3554.JPG,Black_rot,Black_rot,0.9826526929065016,0.0035992892943375837,6.935164034105464e-06,0.01374108263512665,True
fb6ca3d8-29bc-4103-b309-82aa6d7b1b0b___FAM_B.Rot 0648.JPG,Black_rot,Black_rot,0.5292790514891313,0.47054847648763254,9.985812111866301e-05,7.26139021174268e-05,True
fbf08736-4641-4943-a4b5-4f86f9b609cc___FAM_B.Rot 3151.JPG,Black_rot,Black_rot,0.7791453514915191,0.19826788262345726,0.01099688544166635,0.011589880443357355,True
fc114047-c698-4bfd-89dd-ce3173aaffd5___FAM_B.Rot 5038.JPG,Black_rot,Black_rot,0.9125475890225251,0.08610875999908806,1.0098493598726894e-06,0.0013426411290268301,True
fc4a5f21-0d08-479d-b506-2d5eae6d0ac1___FAM_B.Rot 3358.JPG,Black_rot,Esca,0.32280745321329024,0.6771914638910922,1.0607893132784248e-07,9.76816686122688e-07,False
fc75404e-0b13-4827-8fde-b9b92be735cc___FAM_B.Rot 0330.JPG,Black_rot,Black_rot,0.9998198030845189,0.0001787047353945128,1.1633109997587917e-06,3.288690869630211e-07,True
fc7cc3d0-caa3-4315-9495-2a29cf8e61b2___FAM_B.Rot 3321.JPG,Black_rot,Black_rot,0.9996254635843188,9.544428645852013e-05,6.90166417008188e-05,0.00021007548752193328,True
fccab141-6eac-4889-9ada-7ad19cb346a4___FAM_B.Rot 3096.JPG,Black_rot,Black_rot,0.9999798422446499,1.764563271546295e-05,3.452930260117888e-08,2.477593331957779e-06,True
fec549a8-893a-4561-8b83-0966cd018fee___FAM_B.Rot 5054.JPG,Black_rot,Black_rot,0.9999453760796061,5.3807205704806746e-05,3.333409665722157e-08,7.833805922771638e-07,True
011f307f-e06b-4604-9419-d940f7b00290___FAM_B.Msls 1096.JPG,Esca,Esca,2.796014296180651e-14,0.9999999165668966,3.3349333739728054e-08,5.008374181947693e-08,True
03f815cb-cdcd-4486-a142-f2ac59a4bf48___FAM_B.Msls 4315.JPG,Esca,Esca,7.111191895432629e-09,0.9999971636346711,2.648449102615829e-07,2.564409226951351e-06,True
048c9e5a-1e7f-4e50-b579-01d7c75b340f___FAM_B.Msls 4050.JPG,Esca,Esca,2.826029009180807e-14,0.9999999157714633,3.333851561786338e-08,5.088999302114676e-08,True
066df51b-4f56-417d-8cf0-b6990b27b952___FAM_B.Msls 4382.JPG,Esca,Esca,0.015225284951383157,0.9847510598365335,1.2968088989495459e-06,2.235840318453881e-05,True
06b3cef1-9eeb-4a15-a8c6-429532a64e2e___FAM_B.Msls 4427.JPG,Esca,Esca,0.0014791610314868833,0.9984759225408464,3.739829978247803e-05,7.518127884525912e-06,True
06eb73c0-225e-447b-ac67-08be159a73b7___FAM_B.Msls 1225.JPG,Esca,Esca,0.03576128406236033,0.9642377293691032,4.0731271213913316e-07,5.792558241681559e-07,True
08fbe786-cf83-4dc7-b281-19dbfcf42c41___FAM_B.Msls 4287.JPG,Esca,Esca,9.769841334562425e-09,0.9999997495118809,3.6819826864406856e-08,2.0389845065117337e-07,True
09282a81-6cb1-4140-b6a3-6ea517ee31f9___FAM_B.Msls 3928.JPG,Esca,Esca,2.9661744360683463e-09,0.9999997346221247,4.408857952971201e-08,2.183231213072561e-07,True
0ac7f7a3-2748-4f58-ae8d-426cdc5113f4___FAM_B.Msls 4432.JPG,Esca,Esca,1.3994511391374938e-07,0.9999953399155347,8.084641755690948e-08,4.439292933850613e-06,True
0ad02171-f9d0-4d0f-bdbd-36ac7674fafc___FAM_B.Msls 4356.JPG,Esca,Esca,1.792946322368585e-08,0.9999998820446621,4.013239671149397e-08,5.989347816205526e-08,True
0d56d708-22c4-477a-bd29-7c5776dbcf25___FAM_B.Msls 4457.JPG,Esca,Esca,1.3711893628104345e-07,0.9999992581864566,8.225591324470907e-08,5.224386939890097e-07,True
0de65785-c601-41dc-8099-83c73cac21c2___FAM_B.Msls 4094.JPG,Esca,Esca,0.0018711146591017735,0.998127472474645,6.576492179719747e-07,7.552170354613133e-07,True
0e1c89b9-d289-471a-988f-850f4874621e___FAM_B.Msls 3950.JPG,Esca,Esca,4.677643693419457e-09,0.9999726731913973,1.560606223002065e-05,1.17160687290561e-05,True
0fa9cca0-f4e4-4a1e-925c-1111fc1597f0___FAM_B.Msls 4107.JPG,Esca,Esca,5.359934352626716e-09,0.9999782298903298,7.841145485234974e-08,2.1686338280873086e-05,True
100e782c-741d-4e34-948f-0c2e129a0939___FAM_B.Msls 4161.JPG,Esca,Esca,2.438824425027118e-13,0.9999999161877915,3.333373599712602e-08,5.047822867375774e-08,True
116c6549-0f11-4649-b50f-c0555fa88f6b___FAM_B.Msls 4278.JPG,Esca,Esca,0.01006878255189636,0.9899180329628802,4.083804547268962e-06,9.100680676120031e-06,True
12b10162-dea3-4b1e-9ac6-891775a5daf4___FAM_B.Msls 1284.JPG,Esca,Esca,0.011343256816488132,0.9886339743361389,1.1798972620219948e-05,1.0969874752462102e-05,True
143f0875-9844-410b-853c-cd8f6a918e63___FAM_B.Msls 3897.JPG,Esca,Esca,5.803730860975428e-09,0.9999998355511165,3.540995968709355e-08,1.2323519297537372e-07,True
14ad3627-cb25-4867-abe0-c6bca7c6a075___FAM_B.Msls 4013.JPG,Esca,Esca,3.3126221130066367e-09,0.9999999103472366,3.451843427076001e-08,5.182170683781126e-08,True
15186e0b-3360-4bfa-b84b-3018f735932b___FAM_B.Msls 1835.JPG,Esca,Esca,0.0951072759190594,0.902140808530289,0.00115914785213582,0.0015927676985154021,True
1597641f-db77-43c9-bd8c-912498c22b15___FAM_B.Msls 0966.JPG,Esca,Esca,4.098261541795172e-11,0.9999998615555948,3.349215600293313e-08,1.0491126670058486e-07,True
17f06d95-a112-4a6f-85ab-c8d29a98a461___FAM_B.Msls 4172.JPG,Esca,Esca,7.341968521088212e-07,0.9999985266565856,2.956132816961998e-07,4.435332805364587e-07,True
18281818-c3a8-453b-b5fd-6101853e4aca___FAM_B.Msls 3915.JPG,Esca,Esca,3.8300194293930845e-09,0.999998978166644,3.470371183865188e-08,9.832996250001546e-07,True
195d2df2-0618-4683-b7f3-ddb45f30d8e4___FAM_B.Msls 0857.JPG,Esca,Esca,0.06389843188376547,0.9342447211711246,0.0013981637084697796,0.0004586832366402602,True
1999af4b-48fa-4ea9-b52c-8267a0313007___FAM_B.Msls 1223.JPG,Esca,Esca,8.542387075198612e-07,0.9999978473484809,3.3759787648028656e-07,9.608149352648764e-07,True
1a477ab0-0649-48d4-bbbf-fa3600d9ec03___FAM_B.Msls 1347.JPG,Esca,Esca,2.8294160298879784e-10,0.999999264227958,9.246752558187705e-08,6.430215746016775e-07,True
1a605788-78ec-4d62-9f87-3ad62309d58f___FAM_B.Msls 4371.JPG,Esca,Esca,6.372469676232807e-10,0.9999999151523373,3.371803600445744e-08,5.049237957266735e-08,True
1ab73b8a-ab8f-499b-a38a-ba59c21f8802___FAM_B.Msls 3871.JPG,Esca,Esca,1.9365900490779612e-08,0.9999980854970406,4.026284938990072e-08,1.854874209621673e-06,True
1c111789-c4cc-4319-8cd2-2d50b891d313___FAM_B.Msls 4209.JPG,Esca,Esca,1.1228082561915365e-07,0.999988441015431,2.983146748056046e-07,1.1148389068388191e-05,True
1c46292e-7ee0-410a-ac41-65b5d0d3a6f4___FAM_B.Msls 0866.JPG,Esca,Black_rot,0.6537220045270512,0.34609696853993005,0.00015570244354900348,2.5324489469723545e-05,False
1cb1a7e1-b930-43c2-a1ee-26b694931955___FAM_B.Msls 4395.JPG,Esca,Esca,5.064482091477252e-07,0.9999982156184758,9.345832551781959e-07,3.433500597575065e-07,True
1e8bbe2c-7889-4fd1-8e77-dd01959007ab___FAM_B.Msls 0858.JPG,Esca,Esca,0.24636262150873764,0.7536047218626047,2.9164345122361717e-05,3.4922835353860235e-06,True
1eefcad2-d268-4ca4-ab7f-6798395ed2a1___FAM_B.Msls 4368.JPG,Esca,Esca,1.2482289962611825e-08,0.9999998930022385,3.780531905618101e-08,5.6710152639417573e-08,True
206a3062-fcf6-4724-a42a-ace810a07afd___FAM_B.Msls 1197.JPG,Esca,Esca,0.014343192716851371,0.9856413844093753,8.171252912237315e-07,1.4605748482177118e-05,True
2284b3b4-d74e-4fbe-9296-b04e39ae5acb___FAM_B.Msls 0882.JPG,Esca,Esca,0.009289556273714082,0.9906052868323344,2.9858501768523078e-05,7.529839218283818e-05,True
22d149ed-9bb5-4c66-8f9f-2a504c3bc8aa___FAM_B.Msls 4067.JPG,Esca,Esca,2.9484387181689475e-14,0.9999999115585502,3.3333612855667146e-08,5.5107807579059e-08,True
22e90bdf-b3ea-4d94-8dd9-fae2470cdd52___FAM_B.Msls 1175.JPG,Esca,Esca,2.7934086951098292e-14,0.9999999166529273,3.333718968942552e-08,5.000985495823769e-08,True
241636c5-aaf6-48bb-9e2c-7d0cd345d87d___FAM_B.Msls 4458.JPG,Esca,Esca,0.0028859608997651187,0.9971128888897838,2.904454865063373e-07,8.597649645892858e-07,True
24fc1c43-2c95-4cd5-86ce-bbe9356197eb___FAM_B.Msls 3933.JPG,Esca,Esca,1.7525221908851433e-12,0.9999999166509776,3.3334328541060385e-08,5.001294149220189e-08,True
255a469a-6adc-43a7-8567-09cb553ba336___FAM_B.Msls 4293.JPG,Esca,Esca,1.3943481851059843e-07,0.9999991285047807,8.331307190227017e-08,6.487473288879105e-07,True
258f5fc8-e002-4270-933e-b7b12027122c___FAM_B.Msls 4316.JPG,Esca,Esca,2.6835884066484665e-06,0.997931327388251,1.6128501311575438e-06,0.0020643761732111496,True
25a3f640-8f7b-4bd9-9604-e75406c0ec1a___FAM_B.Msls 1862.JPG,Esca,Esca,0.0012185263614839094,0.9985301693914259,2.7916671689519887e-05,0.0002233875754002526,True
25b61f8a-d220-49c9-953e-fa2c8b76f19b___FAM_B.Msls 1863.JPG,Esca,Esca,0.0042073824545346495,0.9953999859675562,9.387191208957239e-05,0.00029875966581970206,True
25d9fdcb-1f52-4d6e-a91f-45da56ad4b06___FAM_B.Msls 3852.JPG,Esca,Black_rot,0.5517143235094043,0.4476345877154917,0.0002661208685561376,0.00038496790654784726,False
26d87fc6-980e-4aa9-9693-0553bf78b313___FAM_B.Msls 4291.JPG,Esca,Esca,2.868780486174294e-12,0.9999989900887372,3.333425078427384e-08,9.7657414306675e-07,True
2850cff3-e262-49b1-af09-051e76e19fa8___FAM_B.Msls 1336.JPG,Esca,Esca,9.021772267040594e-08,0.9999960455067732,1.7059228713207033e-06,2.1583526327166043e-06,True
28a93822-184d-4d73-9fd1-1c3ebf1e72fc___FAM_B.Msls 0861.JPG,Esca,Black_rot,0.8279731172147182,0.11502482562235755,0.05383992659613016,0.00316213056679396,False
28cf6340-9243-42d0-933e-c8afccb91b46___FAM_B.Msls 3970.JPG,Esca,Esca,0.10818721886940749,0.8834612705259859,5.780267621366891e-05,0.008293707928392862,True
290a5fb5-12ae-4f0c-befb-39b83b09524a___FAM_B.Msls 1170.JPG,Esca,Esca,9.369269616987279e-11,0.9999998017185565,3.336905810325648e-08,1.64818692679581e-07,True
2aa5339e-a039-42d9-a492-747e93f884eb___FAM_B.Msls 3967.JPG,Esca,Esca,1.5440132048261187e-07,0.999999611344668,8.853144683089238e-08,1.4572256460582263e-07,True
2ba2c978-74a0-4dff-9e0b-80adfec4dedf___FAM_B.Msls 4035.JPG,Esca,Esca,2.5649526758551224e-12,0.9999991358607347,3.333424926721862e-08,8.308024511254267e-07,True
2bd4541e-4ea6-484d-a490-07e2abe41758___FAM_B.Msls 1122.JPG,Esca,Esca,1.0911718821185273e-08,0.9999996622459097,3.723505133279705e-08,2.8960732017829157e-07,True
2bf35b46-3681-4bd2-8491-264ec0fe0e9f___FAM_B.Msls 1050.JPG,Esca,Esca,2.7945003860229622e-14,0.9999999166268542,3.333564650763435e-08,5.0037471469091016e-08,True
2c4ddcf7-2ad4-4802-a027-59c1b192d7a2___FAM_B.Msls 1123.JPG,Esca,Esca,5.6194883618637104e-08,0.9999997116794568,1.3158438420460334e-07,1.0054127537155372e-07,True
2f3f5ab8-b043-4906-a480-e908dbad8584___FAM_B.Msls 1191.JPG,Esca,Esca,1.474624959384718e-11,0.9999993721769529,3.333871486787384e-08,5.944695859877576e-07,True
2f89c58c-1bc4-40f7-babf-b1f1dc2cffc9___FAM_B.Msls 3969.JPG,Esca,Black_rot,0.6778923699823353,0.3219230402563119,3.1717819107848634e-05,0.00015287194224490323,False
306da002-f51a-46c7-89fe-8263a22837c9___FAM_B.Msls 1822.JPG,Esca,Esca,4.763565450691442e-12,0.9999993026923649,7.044859419604928e-08,6.268542773422401e-07,True
308affeb-3413-4002-ae48-d76f67c762e6___FAM_B.Msls 0879.JPG,Esca,Esca,0.006991940721660152,0.9929050857956893,1.8996195684718323e-05,8.397728696581146e-05,True
30c135e6-4806-4b6f-8e2f-1474725795fb___FAM_B.Msls 4275.JPG,Esca,Esca,3.5897819529023804e-10,0.999999915854205,3.34621749040727e-08,5.0324641814398975e-08,True
316ccd32-0e9c-40bb-869b-1378cebdb6a0___FAM_B.Msls 0968.JPG,Esca,Esca,4.2328524570388004e-12,0.9999999166378999,3.333578475454567e-08,5.0022082615908846e-08,True
31dcd664-97e8-4e22-a30d-35014b9737a4___FAM_B.Msls 4350.JPG,Esca,Esca,1.2283495665071612e-07,0.9999993903537133,3.539719819226621e-07,1.3283934818608854e-07,True
324974f4-6058-4cc1-9af3-ceaf3bc96867___FAM_B.Msls 1294.JPG,Esca,Esca,2.1423130341626484e-10,0.9999916438832821,1.5794297088234776e-07,8.197959515786239e-06,True
3374a5c7-85b1-44a7-92a5-acf497aa3803___FAM_B.Msls 4347.JPG,Esca,Esca,2.587822661025599e-09,0.9999996873870091,5.1376187591445e-08,2.586489805520217e-07,True
33880a34-ebaa-47df-916a-d65d4662a1c0___FAM_B.Msls 1790.JPG,Esca,Esca,2.2201558854356865e-09,0.9999839327176722,5.909013604846287e-07,1.547416081156362e-05,True
342908ce-8cad-40e9-a422-d7744e079292___FAM_B.Msls 0869.JPG,Esca,Esca,0.009317928886806163,0.9906789917772333,2.668197100592412e-06,4.111388598605378e-07,True
344cb30a-eda8-45fe-8708-ca8a2fc4eb53___FAM_B.Msls 4170.JPG,Esca,Esca,2.1308438637945877e-13,0.9999999161076605,3.334709260362687e-08,5.054503387356526e-08,True
3573f44b-23da-4c38-8cc5-bb7bee57d598___FAM_B.Msls 3881.JPG,Esca,Esca,3.4568693489176684e-07,0.9999992621517907,1.5683407004537434e-07,2.3532720434087306e-07,True
35f27251-e796-4906-80a3-1836f8bce8a3___FAM_B.Msls 0916.JPG,Esca,Esca,2.79656820233489e-14,0.9999999164183037,3.3439434174620605e-08,5.014223408301385e-08,True
375d0a8d-4722-41c2-afd1-1ae96eff47b1___FAM_B.Msls 1360.JPG,Esca,Esca,0.03405185458785931,0.9657141302513524,3.0456353604923185e-06,0.0002309695254275966,True
37642d48-d6b8-49b6-9190-d0a12bea3f6c___FAM_B.Msls 0851.JPG,Esca,Esca,0.017714214730464493,0.9789474245151824,2.6558552856165584e-05,0.0033118022014970135,True
3a4f2681-0ad1-4ad1-a05b-005592733970___FAM_B.Msls 1037.JPG,Esca,Esca,3.282612968955897e-13,0.9999999165665924,3.335113276649183e-08,5.008194663551647e-08,True
3ac5e3ba-b071-47da-b76b-992e4c3e8bea___FAM_B.Msls 4369.JPG,Esca,Esca,0.004435383483375451,0.9955602992056048,3.412371340939748e-08,4.283187306278822e-06,True
3c00670f-de7b-40d1-b871-49dfd5b84a41___FAM_B.Msls 1290.JPG,Esca,Esca,3.0558887429035115e-08,0.9999993735453009,4.42639173900115e-08,5.516318943033424e-07,True
3e39d83d-d0e4-4b23-8823-30ea2c216aff___FAM_B.Msls 4149.JPG,Esca,Esca,3.05991351389803e-08,0.9999996991676856,4.417657789472183e-08,2.2605660125932433e-07,True
40518be1-a5c8-464e-b42e-5b23c9529383___FAM_B.Msls 1085.JPG,Esca,Esca,2.794774515440549e-14,0.9999999166155887,3.333840117601289e-08,5.0045982170936646e-08,True
419979ee-6231-4a02-94d1-3bcbdd2b63c3___FAM_B.Msls 4485.JPG,Esca,Esca,1.464162437699877e-08,0.999999888883399,3.857451966792811e-08,5.790045699786296e-08,True
419a7e1b-a8f5-4ef1-8ff3-4d680dcea8df___FAM_B.Msls 4301.JPG,Esca,Esca,3.911686362560002e-12,0.999999175144293,3.333466267691445e-08,7.915171324222909e-07,True
41b072e8-2992-4cdd-8296-90d0b5e8ee1f___FAM_B.Msls 3907.JPG,Esca,Esca,0.001339025194021186,0.9986608773358913,3.336188715997995e-08,6.410820049315159e-08,True
41f42bf8-8120-4535-be6b-a36b52978502___FAM_B.Msls 1329.JPG,Esca,Esca,6.95652419556022e-12,0.9999997095718641,3.333582016886706e-08,2.570853591192896e-07,True
47443685-01c7-438d-9001-b9b0ff698606___FAM_B.Msls 4406.JPG,Esca,Esca,2.79592492791237e-10,0.999999575759571,2.887712502775197e-07,1.3518958617678704e-07,True
47b0d5e3-2c8d-4528-8d6d-228deb96fcea___FAM_B.Msls 1826.JPG,Esca,Esca,5.2655191806009104e-11,0.9999988428451492,4.8978965996040313e-08,1.108123229538447e-06,True
4b1f2354-fd30-4a68-84df-c6efc783b65a___FAM_B.Msls 1158.JPG,Esca,Esca,1.6972024683223396e-07,0.9999994119157826,9.394988505491259e-08,3.244140856900163e-07,True
4bef5630-93d6-4fe6-b814-a2320bfee67e___FAM_B.Msls 0859.JPG,Esca,Esca,0.03175673638569842,0.9682419414379643,9.808981004428668e-07,3.412782367608917e-07,True
4d32a5c9-2b48-4fcf-ace1-ab0f81def6b7___FAM_B.Msls 4101.JPG,Esca,Esca,5.861129106942216e-14,0.9999999156516727,3.3339426178486156e-08,5.100884259112916e-08,True
4eb67c58-2763-46ed-8a2b-9cf59d86585c___FAM_B.Msls 3934.JPG,Esca,Esca,0.02983605994419912,0.9700077450794119,0.00013742608948143394,1.8768886907464432e-05,True
4ff51eae-ad78-4149-8cf6-e3f98c6f25a6___FAM_B.Msls 1275.JPG,Esca,Esca,1.0288379417484247e-08,0.999999897166115,3.701729424547953e-08,5.5528211480255476e-08,True
50555c5d-bb92-4113-9468-e51028c75633___FAM_B.Msls 4305.JPG,Esca,Esca,2.1207736249695128e-07,0.9999995148191195,1.0927254278581316e-07,1.6383097521758307e-07,True
50c96798-9450-474d-be57-a4594a948788___FAM_B.Msls 1219.JPG,Esca,Esca,6.679173044585918e-08,0.9999993506053172,5.7132920457942997e-08,5.254700317433155e-07,True
50c9b177-aa65-4acf-b0f3-2423aa0ec904___FAM_B.Msls 4497.JPG,Esca,Esca,5.939622111674587e-10,0.9999999085536594,3.8478180466788654e-08,5.237419809428392e-08,True
50fe0099-a071-4a3c-bc9b-de15fd7756a4___FAM_B.Msls 4311.JPG,Esca,Esca,5.129311366992611e-07,0.999933245386581,1.3651328276627255e-05,5.259035400567612e-05,True
51731b28-e499-4b28-9b25-5e1a63086a8c___FAM_B.Msls 1152.JPG,Esca,Esca,0.0037934937877702577,0.9927658632592554,0.003283651414576731,0.0001569915383974657,True
51fa1144-94aa-4cb3-9656-da49c37fa59b___FAM_B.Msls 4119.JPG,Esca,Esca,4.3910531667188676e-08,0.9999998334164032,4.903584539771424e-08,7.363721983542858e-08,True
5328f9e6-5cd8-45de-99b6-539913d389d0___FAM_B.Msls 4003.JPG,Esca,Esca,1.5717353885571868e-10,0.9999999161334628,3.3389593047313e-08,5.031977063878926e-08,True
54b28e48-2e49-4f03-a481-647e19b457e9___FAM_B.Msls 0939.JPG,Esca,Esca,2.1450800665771417e-08,0.9999986283316208,1.5622894383149023e-07,1.1939886347164647e-06,True
553774cb-4861-4eb0-b019-b26cd7013aa1___FAM_B.Msls 1132.JPG,Esca,Esca,3.4301388377612825e-07,0.9999990926990617,2.1228372361323094e-07,3.520033307598167e-07,True
55c660e1-023d-41a6-88f5-ebf6ec9bf00a___FAM_B.Msls 1251.JPG,Esca,Esca,5.635897596730715e-10,0.9999999155933587,3.353514812852827e-08,5.0307903280402285e-08,True
567493c2-1977-4bcc-aa03-23bad3c8a9f1___FAM_B.Msls 4083.JPG,Esca,Esca,2.1898103056032393e-14,0.9999998720417344,3.333334671367934e-08,9.462489707703074e-08,True
567d4ee8-d891-4ce3-b81c-1351f5db81a5___FAM_B.Msls 3882.JPG,Esca,Esca,0.002709396218321021,0.9972890890005794,3.335116960438462e-08,1.4814299296558762e-06,True
57f9b9d4-9fdc-444d-9481-d1d1b155967e___FAM_B.Msls 3886.JPG,Esca,Esca,0.0020440217634863323,0.9979541839874745,3.3358027875709657e-08,1.7608910114980175e-06,True
584e36a1-75df-4581-afce-a14a9aa3cb16___FAM_B.Msls 3890.JPG,Esca,Esca,3.978818019914739e-07,0.9999984250491789,1.7552578683579467e-07,1.001543232467703e-06,True
587ec2ee-443c-4f79-b6bd-9c8b62a8cbe4___FAM_B.Msls 3977.JPG,Esca,Esca,8.293226344805821e-08,0.9999897372932177,9.985237941819771e-06,1.9453657703797724e-07,True
58a7a680-1399-408a-be93-f2d7ee89adb0___FAM_B.Msls 3986.JPG,Esca,Esca,2.8040203354881196e-14,0.9999999163796106,3.3333477455608145e-08,5.028688396796208e-08,True
59d2cc29-6792-42e2-a853-8e6615f45fd8___FAM_B.Msls 4489.JPG,Esca,Esca,0.005650428028904212,0.9923449640045129,4.911928192360384e-05,0.0019554886846592234,True
5b00f3c5-f8dc-42a3-a692-dc3da81c7525___FAM_B.Msls 0833.JPG,Esca,Esca,0.004287129417441365,0.9956670602559197,4.563862296070808e-05,1.7170367803260255e-07,True
5dee0443-d7d9-4c83-ba8d-31311663c790___FAM_B.Msls 3898.JPG,Esca,Esca,1.3429568720635446e-06,0.999985763030893,2.814357066839937e-06,1.0079655167994512e-05,True
5e734970-c5ec-4900-a040-af25c7ae5754___FAM_B.Msls 0949.JPG,Esca,Esca,7.456734360164209e-09,0.9999997889398581,4.734657987264354e-08,1.562568277902964e-07,True
60201415-8ccf-49d7-8bea-09648905f4ef___FAM_B.Msls 4447.JPG,Esca,Esca,1.6290382788522464e-08,0.9999850919835819,5.233943828774088e-06,9.65778220672094e-06,True
613a1888-69c1-4f3a-82fa-ace896ecae1c___FAM_B.Msls 1211.JPG,Esca,Esca,5.221575365535826e-07,0.9999892320173197,4.599982921633714e-07,9.785826851574038e-06,True
61ed79cb-7db4-41a2-aaf0-7d0010c3f0b1___FAM_B.Msls 1264.JPG,Esca,Esca,0.2502855445339946,0.6955849048002908,0.02923036645615172,0.024899184209562924,True
63f3535c-0927-442e-a4ee-ffce62296cb9___FAM_B.Msls 3811.JPG,Esca,Esca,0.008002376117851992,0.9892105954692597,4.5868187629045004e-07,0.00278656973101191,True
64f1da10-84e0-472c-a863-777e37da5f49___FAM_B.Msls 1295.JPG,Esca,Esca,7.494995464955768e-07,0.9995677529555509,9.793683285715556e-07,0.000430518176574195,True
652b34a8-6a6d-4ebd-96d5-ec221683ca3f___FAM_B.Msls 0929.JPG,Esca,Esca,1.0649280297421779e-08,0.999990420113748,5.40257045483755e-07,9.02897992625441e-06,True
67b71801-02de-4909-ba7a-e60b0855ccfc___FAM_B.Msls 3868.JPG,Esca,Esca,5.9153944588932456e-08,0.9999994951415727,5.448923436846859e-08,3.912152482928951e-07,True
68508b25-aff4-4a35-959b-31acd9e42430___FAM_B.Msls 1810.JPG,Esca,Esca,5.757325632964937e-11,0.9999987892258653,2.4191252914289667e-07,9.688040322098591e-07,True
6859994c-de46-4b2a-9efd-9ae52f56f1c7___FAM_B.Msls 0972.JPG,Esca,Esca,0.010922818148216624,0.9890418658619857,3.901377682862898e-08,3.527697602064872e-05,True
68bd7afa-d0ff-486e-b4ab-c98a91d492ce___FAM_B.Msls 3830.JPG,Esca,Esca,1.6953598743114645e-10,0.9999998955898819,3.339593227061797e-08,7.08446497068488e-08,True
68c494f0-3238-4210-96c2-cec0c87ad150___FAM_B.Msls 4492.JPG,Esca,Esca,1.7139556483914674e-07,0.999999522854543,9.415266032061905e-08,2.115972318642992e-07,True
6a3d7f85-1cdb-4a13-85da-ecd3b91fe99f___FAM_B.Msls 4408.JPG,Esca,Esca,3.464106957197968e-10,0.9999997557309743,1.274193362671906e-07,1.1650327871606054e-07,True
6cb2bc16-bab3-417d-9bec-4976969546bb___FAM_B.Msls 4463.JPG,Esca,Esca,1.3300116999469023e-06,0.9999963883215492,1.1626001955660053e-06,1.1190665553054563e-06,True
6e2af83a-9b10-47b6-b053-d5e858a5e25b___FAM_B.Msls 1312.JPG,Esca,Esca,5.983706235444647e-10,0.9999999155311713,3.3547857797530364e-08,5.032260052942582e-08,True
70bc78b7-f512-4e4e-b3e3-b9aaf357e947___FAM_B.Msls 3793.JPG,Esca,Black_rot,0.8145875689808235,0.18513410011679435,1.9248642876137755e-06,0.0002764060380944228,False
70fed7a8-65fc-475a-9459-752e8f98556e___FAM_B.Msls 1177.JPG,Esca,Esca,0.061038113137658626,0.9389542954435792,5.307500635328343e-06,2.283918126862988e-06,True
7112eab8-38fb-4fae-b00f-aa6006a3e67a___FAM_B.Msls 3794.JPG,Esca,Esca,0.022378740867263634,0.9774135906277587,6.854681605035257e-08,0.0002075999581616067,True
71c85a06-efe2-43bd-aaff-34818eb95232___FAM_B.Msls 0900.JPG,Esca,Esca,0.021375957362850417,0.9786199279955624,1.0745266032607593e-07,4.007188926829256e-06,True
7272a251-7c94-4550-8b0d-9f948c1c49a2___FAM_B.Msls 4418.JPG,Esca,Esca,2.3561889557831836e-09,0.9999995977809346,3.419243741094111e-08,3.6567043889938204e-07,True
72a24fb2-e95f-4355-8122-896da4e3e515___FAM_B.Msls 4417.JPG,Esca,Esca,0.005427862470558679,0.9945718020379551,3.696517863181792e-08,2.9852630740161735e-07,True
730c6639-9128-44d2-9726-533876c266ac___FAM_B.Msls 1357.JPG,Esca,Esca,0.0685349963047081,0.7826404120988957,0.1236254819825628,0.025199109613833464,True
745ce798-85c3-4fa6-b743-09d3645b3c4d___FAM_B.Msls 4189.JPG,Esca,Esca,1.7494753590990082e-12,0.9999999166202751,3.3334506389318976e-08,5.004346922650816e-08,True
75dc7357-a936-4f3b-b099-eaec6ad03527___FAM_B.Msls 1761.JPG,Esca,Black_rot,0.6819143080556125,0.27153941986406066,0.02902932779294376,0.017516944287382936,False
75ed4810-ffcd-4a23-aa60-3865cc2af70f___FAM_B.Msls 4340.JPG,Esca,Esca,0.14005246074479513,0.8598224380278963,4.837091902501077e-08,0.00012505285638936216,True
79e261e6-ab89-4675-973c-bf55a6843e35___FAM_B.Msls 4335.JPG,Esca,Esca,1.187595939288225e-06,0.9999972435140921,5.221509871937886e-07,1.046738981362592e-06,True
7a883f12-060f-4e0a-bd1e-b9100d9cd7d8___FAM_B.Msls 1052.JPG,Esca,Esca,9.428530806895018e-11,0.9999999164852569,3.336735343306902e-08,5.005310449164669e-08,True
7ae3e5e6-397e-4740-a5f5-f3043a093231___FAM_B.Msls 4029.JPG,Esca,Esca,1.0324429712846675e-12,0.9999999165741197,3.333540086850267e-08,5.00894471364822e-08,True
7b47e162-0e3e-41c7-93fe-63a1466d7609___FAM_B.Msls 3893.JPG,Esca,Esca,1.7592875706172793e-07,0.9999994938331602,9.633750775345495e-08,2.339005749872031e-07,True
7bcb5a22-1009-43b6-b077-8e84a7c6ba23___FAM_B.Msls 1115.JPG,Esca,Esca,2.0016142734731364e-11,0.9999999166195347,3.3340499122331896e-08,5.0019950034989824e-08,True
7bcd5517-4745-49e4-93cf-5935f0ea9e3b___FAM_B.Msls 0896.JPG,Esca,Esca,0.00293627122759818,0.9970110602250533,2.8244010204713907e-06,4.984414632803699e-05,True
7c9f567d-4901-46e5-b31c-f7b77922b910___FAM_B.Msls 0891.JPG,Esca,Esca,3.968453783237116e-07,0.9999991225079271,1.7512634937777786e-07,3.05520345029402e-07,True
7e504a9a-62b9-4472-87e8-272e64af9d4b___FAM_B.Msls 4334.JPG,Esca,Esca,0.17611778995279684,0.8235739778030772,3.545929485348481e-05,0.00027277294927219997,True
7fd6b840-34c5-4f51-bf28-49d4709b4592___FAM_B.Msls 1843.JPG,Esca,Esca,1.5903441239703682e-09,0.9999981470331382,9.606052630950575e-08,1.7553159913011596e-06,True
7fda80a2-5f7e-4e29-bbf4-6d76569e4cb3___FAM_B.Msls 1212.JPG,Esca,Esca,0.004222620205952815,0.9957771816977181,3.345980299018311e-08,1.6463652612845326e-07,True
820171f3-a985-424d-920f-f18d30d7c8be___FAM_B.Msls 3812.JPG,Esca,Black_rot,0.5490741380271688,0.45078270071237897,8.282543616213804e-05,6.033582429003778e-05,False
8442f102-0b5b-479f-8a6e-491b2e906d11___FAM_B.Msls 3863.JPG,Esca,Esca,1.4359065997063338e-07,0.9999996445879998,8.475292077392377e-08,1.2706841947236438e-07,True
8444c73a-83ee-49f9-b2f4-6e2e31d66e02___FAM_B.Msls 3927.JPG,Esca,Esca,1.4334926817405257e-06,0.9999971902008108,5.444000958268204e-07,8.319064115201546e-07,True
854f114c-74d1-4dae-a173-e505ef290fac___FAM_B.Msls 4055.JPG,Esca,Esca,4.517986505053489e-12,0.9999999165246489,3.3398329912325286e-08,5.007250321573471e-08,True
86fcf2a5-6964-4caa-aecf-9b42f14b75dc___FAM_B.Msls 3989.JPG,Esca,Esca,6.5303196339789666e-12,0.9999994307001232,1.467485690612502e-07,4.225447775841395e-07,True
86ff07ed-71df-47b7-8af8-c625511935d1___FAM_B.Msls 1265.JPG,Esca,Black_rot,0.934874718525821,0.052944131651581225,0.00011465003324456744,0.012066499789353103,False
87764f31-69bd-4744-87f9-a1889f50e186___FAM_B.Msls 1286.JPG,Esca,Esca,4.2681842348386175e-07,0.9995820993985701,0.00025440808097992163,0.00016306570202637177,True
89265561-e2ab-4c9b-a649-909f2cbf5d01___FAM_B.Msls 4219.JPG,Esca,Esca,5.5468640537978825e-08,0.999998801132808,5.311900109903363e-08,1.090279550420487e-06,True
892cb949-3689-44db-ab0a-d37729adae8f___FAM_B.Msls 0831.JPG,Esca,Esca,0.031798987001447745,0.9676432389891749,3.3004762003880762e-06,0.0005544735331768192,True
8a0b6e63-15e9-47db-a1b8-37ed43e1b1e0___FAM_B.Msls 1234.JPG,Esca,Esca,8.194620623890184e-10,0.9999998895197356,3.363270996606839e-08,7.602809225826029e-08,True
8a8589af-b795-4f9a-85ff-c03d93d3de1a___FAM_B.Msls 0924.JPG,Esca,Esca,0.0021909043422319568,0.9970262227316113,0.00010864362810962195,0.0006742292980469294,True
8b993fb5-c4d9-4597-805c-9a8d577bc581___FAM_B.Msls 1187.JPG,Esca,Esca,1.6155737215444112e-11,0.9999999166277458,3.3343577714262225e-08,5.0012520675594576e-08,True
8bb24787-f86e-4c6a-90aa-cfebf35878ee___FAM_B.Msls 1024.JPG,Esca,Esca,4.223707698791705e-12,0.9999999166459995,3.333877713138424e-08,5.001099962762135e-08,True
8c3515a7-2962-41f4-80e0-f9b399054f9c___FAM_B.Msls 1346.JPG,Esca,Esca,6.97457609847e-07,0.9999982714520589,3.171533832866005e-07,7.139369479988551e-07,True
8cd6f5a4-b50a-4701-9961-470f57ebf869___FAM_B.Msls 3937.JPG,Esca,Esca,0.01902294541120925,0.980976703167628,6.627219783829425e-08,2.8514896499615504e-07,True
8d907fe6-7955-4b37-912a-70aea1ae8d02___FAM_B.Msls 3900.JPG,Esca,Esca,8.444425515023497e-09,0.9999998516917173,3.635554423563053e-08,1.0350831293144232e-07,True
8dde844c-0ff3-49dc-8d81-e643a5d38a63___FAM_B.Msls 4042.JPG,Esca,Esca,2.920027707779377e-14,0.9999999127298762,3.333342176805726e-08,5.393667259444331e-08,True
8e4c7dc2-646b-428a-9351-9025a07e30bc___FAM_B.Msls 1344.JPG,Esca,Esca,1.0275555166976856e-07,0.9999655368552623,1.2489712858239021e-06,3.311141790015383e-05,True
910dc3b9-2237-475a-b211-2e36a380c60d___FAM_B.Msls 4439.JPG,Esca,Esca,0.00990693449737826,0.9900830948487291,7.739968242966335e-06,2.2306856496961324e-06,True
9123d7b2-e9ed-4cdd-a616-7c0ebcfef10c___FAM_B.Msls 1042.JPG,Esca,Esca,2.7941331833137556e-14,0.9999999166392387,3.33337594477437e-08,5.0026974142871516e-08,True
913fb01a-40e2-454b-bc87-aba0669633cf___FAM_B.Msls 3910.JPG,Esca,Esca,0.0034546716713226705,0.9965094835051064,4.986422764221714e-08,3.579495934331198e-05,True
9304503a-f7cb-4435-a794-85d1544bbcab___FAM_B.Msls 1151.JPG,Esca,Esca,2.7042960714055124e-08,0.9999781247593766,2.6058494512516e-07,2.158761271744272e-05,True
94e3e74d-faf9-4ab6-b28c-ee02a8d3720b___FAM_B.Msls 4426.JPG,Esca,Esca,0.001698948442513003,0.9980765719295699,0.00013135216663095144,9.312746128637932e-05,True
97822070-4ab0-4640-87cc-0b847203e371___FAM_B.Msls 1055.JPG,Esca,Esca,2.7976883164681988e-14,0.9999999165420381,3.3336670032545365e-08,5.0121263926741656e-08,True
97af59b0-ff69-4a55-9be3-bda181b789cd___FAM_B.Msls 4402.JPG,Esca,Esca,0.0046010307948741655,0.9850044337223803,1.3084586135446506e-05,0.01038145089661019,True
989c0a62-1c16-48bd-8721-fb4bbf1e313f___FAM_B.Msls 4384.JPG,Esca,Esca,0.15703249029841332,0.8429597104082586,8.502318748760898e-07,6.949061453313536e-06,True
9994c140-6ebe-4c48-a4b5-0ea65eed42d4___FAM_B.Msls 1825.JPG,Esca,Esca,0.008137668008207304,0.9909854365843329,0.00046029870860919247,0.0004165966988507119,True
99fcdf23-f7da-463f-9e16-d2ee1c61bb37___FAM_B.Msls 1180.JPG,Esca,Esca,2.082642771411898e-10,0.9999993951548262,3.340637325154912e-08,5.712305363825669e-07,True
9b3def52-3cd5-4aa4-a265-1c99a67203e2___FAM_B.Msls 1820.JPG,Esca,Esca,0.001837355089484326,0.9980497853273722,2.615830873517494e-05,8.670127440803814e-05,True
9db151ca-40a4-4877-91f0-fccdc1fd1f74___FAM_B.Msls 1051.JPG,Esca,Esca,1.6272724126220774e-11,0.9999999166172946,3.3339869291427364e-08,5.002656329049464e-08,True
9dcd95af-8c0e-467d-85a7-4aae82e603b8___FAM_B.Msls 4040.JPG,Esca,Esca,1.2224051212392145e-12,0.9999998767829886,3.333378937892955e-08,8.988199960105905e-08,True
9e5d5657-1fde-45df-8e0d-648107f38396___FAM_B.Msls 1214.JPG,Esca,Esca,0.009997266147201618,0.9899872930600232,9.815546150047357e-06,5.625246624777688e-06,True
9f6e3bec-dac0-4807-9f96-72dcb67e93a8___FAM_B.Msls 1333.JPG,Esca,Esca,0.01974380116704111,0.9802526063444642,8.314403313425451e-07,2.7610481631751116e-06,True
9fc987e0-a8b8-46c7-bee6-d00986c82399___FAM_B.Msls 1088.JPG,Esca,Esca,1.1330211677127952e-08,0.9999998951862238,3.738781143444104e-08,5.609575289818294e-08,True
9fe9978e-dd78-4240-a041-8c1bed80b96f___FAM_B.Msls 1276.JPG,Esca,Esca,0.03693397198123321,0.9630447236596376,4.454831187013188e-07,2.085887601059492e-05,True
9fe9e1f3-69b7-4798-b86a-fabc95ed4f01___FAM_B.Msls 4256.JPG,Esca,Esca,0.004330817066785763,0.9956491644092761,2.7485446251216105e-07,1.9743669475591274e-05,True
a1b6f31d-4cf0-469f-89a4-70270992286e___FAM_B.Msls 4434.JPG,Esca,Esca,0.0015918055446544584,0.9984010679840722,3.443042268025168e-06,3.683429005185555e-06,True
a2027312-f55d-4e37-8f96-1dd323ae2336___FAM_B.Msls 4095.JPG,Esca,Esca,3.4549044018986847e-12,0.9999999166079576,3.334614428088861e-08,5.004244305365918e-08,True
a3211c59-f2c0-402c-9264-b663d2a84b69___FAM_B.Msls 1839.JPG,Esca,Esca,2.421143728261267e-10,0.9999983545439018,1.1991949113956433e-07,1.52529449272747e-06,True
a3924405-5ec6-454a-81db-eaab34a96052___FAM_B.Msls 1184.JPG,Esca,Esca,2.1051815598192857e-10,0.999999916155869,3.345977731870202e-08,5.017383562534461e-08,True
a481749c-81a0-4d65-a41d-cc2008fa5e7a___FAM_B.Msls 4129.JPG,Esca,Esca,9.508048644035083e-13,0.9999999165433971,3.3358880569257336e-08,5.009677158771282e-08,True
a4b05803-14e4-4551-acb5-ace444f7dac4___FAM_B.Msls 1852.JPG,Esca,Esca,0.018708511880039486,0.7960852316024857,0.0008458114345494984,0.1843604450829252,True
a5c19696-e040-4864-941d-74b4cd774ee4___FAM_B.Msls 4363.JPG,Esca,Esca,1.2856798690629097e-07,0.9999960291199185,1.2728752878876985e-06,2.569436806778063e-06,True
a6183ab0-4b4a-4b00-ba1c-f8fd75aae97c___FAM_B.Msls 1846.JPG,Esca,Esca,3.4580140891908443e-10,0.9999885968459998,1.2927406381086132e-07,1.1273534134989694e-05,True
a75dac74-44d7-4fea-9b98-0c10b87ea7b9___FAM_B.Msls 1270.JPG,Esca,Esca,0.28689610711090735,0.7130971720751398,1.008512332118329e-06,5.712301620873275e-06,True
aa84c232-fb90-4c59-89a8-5911dbe4f5a0___FAM_B.Msls 4214.JPG,Esca,Esca,1.0106468201765387e-12,0.9999999166480511,3.3333766173026237e-08,5.001717217454467e-08,True
ab311649-286e-45bd-90c8-85d5b89ff2a0___FAM_B.Msls 0910.JPG,Esca,Esca,4.818279130107549e-09,0.9999744165801594,3.554346222030946e-06,2.2024255339572516e-05,True
ab8a8cb6-8fd5-4bb4-934a-a37dabacd13b___FAM_B.Msls 1877.JPG,Esca,Healthy,0.4524638864543269,0.2430595683390067,0.22475338296263586,0.07972316224403043,False
ab916331-4f8d-4993-a333-85503ad30362___FAM_B.Msls 4165.JPG,Esca,Esca,2.9483025813244044e-13,0.9999998979176955,5.184519184532289e-08,5.0236817843949906e-08,True
ad30ef01-cf78-4852-935b-af9d68417071___FAM_B.Msls 1168.JPG,Esca,Esca,5.03536428099894e-07,0.999998465706804,5.189482842048804e-07,5.118084835425479e-07,True
ae8da35b-167a-4121-a2b6-6eac31019a32___FAM_B.Msls 3972.JPG,Esca,Esca,1.3162921180564285e-06,0.9999864370462392,1.2240935950653507e-06,1.1022568047625257e-05,True
ae9eae88-91a7-4762-8a7e-8edf3c73768d___FAM_B.Msls 1001.JPG,Esca,Esca,1.6292983089735528e-08,0.9999998857642709,3.9166036218404024e-08,5.87767097035358e-08,True
af5b6bad-2b57-4337-83de-b1efb21f0282___FAM_B.Msls 4272.JPG,Esca,Esca,0.003975902233431617,0.9960212403496003,2.68270870353149e-06,1.7470826435748648e-07,True
af874436-214a-4670-9244-3cbf9036a035___FAM_B.Msls 4076.JPG,Esca,Esca,3.437694695931293e-14,0.9999998985022468,3.334699284326298e-08,6.815072590845646e-08,True
afca0404-11b1-4b5f-8e10-92d578903ef4___FAM_B.Msls 1119.JPG,Esca,Esca,4.719952947173169e-14,0.9999999166141652,3.3334412623012815e-08,5.0051375202482716e-08,True
b096abb4-3ee6-472f-a6c5-106708e438ff___FAM_B.Msls 1004.JPG,Esca,Esca,2.7943544411139566e-14,0.9999999166318728,3.333483264017137e-08,5.0033266743653675e-08,True
b18a5f5f-1d42-433b-ab66-7f63ef18ca2b___FAM_B.Msls 4015.JPG,Esca,Esca,3.568049034200574e-14,0.9999999046237062,4.472368560755626e-08,5.065257241339712e-08,True
b32b1e1d-a0e4-4959-bd2d-89710def27a6___FAM_B.Msls 1053.JPG,Esca,Esca,2.232767079865851e-10,0.9999998640100631,3.34133494553003e-08,1.0235331062248196e-07,True
b3b40eba-e9a9-436b-9fd4-8d2dbed44fad___FAM_B.Msls 4309.JPG,Esca,Esca,0.002252874590514307,0.9963000410754459,0.00046609026720656656,0.0009809940668329023,True
b4865ce8-8ed7-4993-87f1-c8f0c2840248___FAM_B.Msls 4041.JPG,Esca,Esca,1.0269216960042859e-11,0.9999985003285884,3.333696058528086e-08,1.4663241817290582e-06,True
b4b43ac8-f6d6-4ece-8a7b-0991927992b8___FAM_B.Msls 1077.JPG,Esca,Esca,0.022761587175177556,0.9772304716581955,2.3672190944500155e-06,5.573947532313348e-06,True
b5cd7194-ba06-4fd5-a24c-4c384f49e65b___FAM_B.Msls 4232.JPG,Esca,Esca,3.3701211235032236e-09,0.9999900991362337,3.662465702494186e-06,6.235027942522917e-06,True
b73462d3-e595-4cbe-93ec-5c755a0de73d___FAM_B.Msls 0945.JPG,Esca,Esca,2.631782930742272e-12,0.9999999135649313,3.333760154527071e-08,5.3094835323927134e-08,True
b7c11789-fbc0-4fab-bc35-d049e74c8ee7___FAM_B.Msls 0874.JPG,Esca,Esca,0.04356603543201738,0.9562816224428748,0.0001487844824175683,3.557642690332053e-06,True
b90c684d-49c7-4e9f-88a2-8b8b726f4b90___FAM_B.Msls 3862.JPG,Esca,Esca,1.1695182503704128e-07,0.999995580765254,8.358915137967018e-08,4.218693769725285e-06,True
ba941513-ca40-4291-8312-2728ac7b17cb___FAM_B.Msls 1006.JPG,Esca,Esca,1.8698789582746424e-11,0.9999999139509405,3.335635318409841e-08,5.2674007655524434e-08,True
bccb0d63-23d0-4616-b045-73fd6bb1df0d___FAM_B.Msls 1183.JPG,Esca,Esca,2.4788161100308226e-09,0.9999999118582942,3.4219575297262876e-08,5.144331429221885e-08,True
bd2b90ce-dd82-4819-91ec-4dea2a08f696___FAM_B.Msls 4125.JPG,Esca,Esca,1.577050119124922e-07,0.9999986826481086,7.650555646729203e-07,3.9459131482197903e-07,True
bf607e80-310a-4111-8ca1-30ba05d06d47___FAM_B.Msls 3919.JPG,Esca,Esca,3.316020260764609e-12,0.999999078041034,8.606489345247843e-08,8.358907565773477e-07,True
bff82ef7-9721-487a-9622-8518213526a4___FAM_B.Msls 4233.JPG,Esca,Esca,0.004354729504621348,0.9956282928500793,7.597889070700184e-07,1.621785639237218e-05,True
c00ce9a9-0b56-40cd-abd1-c415a159a736___FAM_B.Msls 3997.JPG,Esca,Esca,8.739443198214849e-14,0.9999997874015844,3.8324357368013585e-08,1.7427397087512687e-07,True
c0ebc0c5-a66a-4395-8d7f-e28793137660___FAM_B.Msls 1113.JPG,Esca,Esca,8.72182638205967e-13,0.9999999165681529,3.333627649634735e-08,5.009469861804087e-08,True
c1015ba9-4629-43eb-90a2-accfed27b787___FAM_B.Msls 1830.JPG,Esca,Esca,1.3041541073815978e-07,0.9997855007853643,9.402041030532853e-08,0.00021427477881446607,True
c192a2be-38bb-4340-a0df-d7f74d0c85de___FAM_B.Msls 3982.JPG,Esca,Esca,8.630632146242257e-13,0.9999995485544496,3.041471331168659e-07,1.4729755409467938e-07,True
c1d4a89c-d1b9-4363-9b2e-d1e5a6b04062___FAM_B.Msls 0994.JPG,Esca,Esca,3.3373193057267185e-07,0.9999990696080856,1.5446072433449694e-07,4.421992594781796e-07,True
c26ad9b9-bc59-4cf1-93d3-630fba7ee460___FAM_B.Msls 4187.JPG,Esca,Esca,3.346292008628231e-07,0.9999956576394912,1.549239672927514e-07,3.852807340780026e-06,True
c2b1ba42-7911-4013-93ed-111745171f0a___FAM_B.Msls 4386.JPG,Esca,Esca,0.002687794396440786,0.997205514406146,0.0001009770185085856,5.714178904662043e-06,True
c449f5bb-9b5e-40f9-925e-63305a6f8c3f___FAM_B.Msls 1091.JPG,Esca,Esca,0.0012898743816160132,0.9987100365090513,3.3336763868936475e-08,5.577256871043631e-08,True
c6cd3552-c1c5-430b-a45c-7a6dfdacbac3___FAM_B.Msls 1736.JPG,Esca,Leaf_blight,0.00799049789436592,0.044738085193252,2.3025131588249087e-05,0.9472483917807938,False
c842ee54-3460-4998-816e-72c1def7fd8b___FAM_B.Msls 1145.JPG,Esca,Esca,4.849121270623541e-13,0.9999999166408675,3.3335266010268355e-08,5.002338167353268e-08,True
ca1fd8c8-651f-4301-b3b6-a669dc020422___FAM_B.Msls 4224.JPG,Esca,Esca,1.7399089843318125e-10,0.9999947163865964,9.43602487222268e-08,5.18907916394171e-06,True
ca2e1a39-3d21-4400-b11c-f4221e46e957___FAM_B.Msls 4401.JPG,Esca,Esca,7.409423681353723e-08,0.9999959941214657,5.967743092483759e-08,3.872106866707125e-06,True
cc40d22e-41ff-433f-a36f-57cd9dab83c3___FAM_B.Msls 4093.JPG,Esca,Esca,2.0239970647349367e-07,0.9999995333121386,1.0567253351727655e-07,1.586156212822867e-07,True
cc7aef78-dc8b-4116-a0ba-e704667acece___FAM_B.Msls 1801.JPG,Esca,Esca,1.016042634074043e-10,0.999996568637005,2.4893069481809616e-06,9.41954442368902e-07,True
cd0ddfc3-f4aa-469e-8d8a-d38dcfad93cc___FAM_B.Msls 1758.JPG,Esca,Esca,0.02345992448739721,0.976538800356397,7.663642214409496e-07,5.087919844489897e-07,True
cd837043-ba7c-4499-b266-a821dc1b83d2___FAM_B.Msls 1807.JPG,Esca,Esca,9.593177730215129e-08,0.9999954892154431,2.338067551552839e-06,2.0767852279117184e-06,True
cf923fe2-5721-4594-b77f-5918fcf744ee___FAM_B.Msls 0845.JPG,Esca,Esca,0.002703565813733411,0.9972959096959476,3.614999699778058e-08,4.883403221495492e-07,True
d06da1d8-67c0-44d5-b34d-ee74a4602138___FAM_B.Msls 1868.JPG,Esca,Esca,0.06448421237852432,0.9201897354550476,0.00643958527468196,0.00888646689174597,True
d0f85383-4cd9-4562-9978-206cbbf7d22a___FAM_B.Msls 1876.JPG,Esca,Black_rot,0.45192844250183684,0.4390462752733538,0.08019669761778873,0.028828584607020716,False
d235c093-08ec-48ab-87b0-0852d878e920___FAM_B.Msls 1244.JPG,Esca,Esca,5.279163852354992e-10,0.9999997622914938,1.6073618526081968e-07,7.644440460844108e-08,True
d283be4c-a249-4ae1-9134-5c7e7f761fe3___FAM_B.Msls 4469.JPG,Esca,Esca,1.2584429844479266e-10,0.9999998438662158,1.0454582762736325e-07,5.14621124812526e-08,True
d2c649a3-29f5-4324-bb68-b10c4de79b9d___FAM_B.Msls 1799.JPG,Esca,Esca,5.5972013411951895e-12,0.9999999164544576,3.334570171928565e-08,5.019424352715099e-08,True
d439819a-7863-48da-aec8-95a8bd45bf99___FAM_B.Msls 1028.JPG,Esca,Esca,1.4951315713438252e-12,0.9999999165405463,3.3334328822143464e-08,5.012362981314309e-08,True
d59bea04-30f0-41fe-ab07-e377815816c3___FAM_B.Msls 4018.JPG,Esca,Esca,2.7950579580974685e-14,0.9999999165076823,3.340570583407053e-08,5.0086583999568374e-08,True
d6866b19-3ef9-4989-a4e0-e9b69d6dc5da___FAM_B.Msls 4221.JPG,Esca,Esca,7.339653074422987e-10,0.9999999152254312,3.3599833080056756e-08,5.044077038956082e-08,True
d6d55694-3887-46aa-9dc6-e6dbee509343___FAM_B.Msls 4296.JPG,Esca,Esca,1.3572588852737767e-08,0.9999486298439231,4.651740964050623e-08,5.13100660783583e-05,True
d8206850-807e-453c-9230-be4338a85f9d___FAM_B.Msls 4030.JPG,Esca,Esca,2.9666863992305335e-14,0.999999916513989,3.340626268074078e-08,5.007971884944827e-08,True
d98dd678-86d3-4a34-bb76-da21ec123a70___FAM_B.Msls 4226.JPG,Esca,Esca,2.566950175523838e-08,0.9999963104227727,7.856341195441217e-08,3.5853443136514754e-06,True
db29b18d-163d-4566-81cb-1242ba4fb0c8___FAM_B.Msls 1012.JPG,Esca,Esca,0.004157361935528909,0.9958396561576739,2.532629380661612e-07,2.7286438592509763e-06,True
dce37f12-02c9-4bbd-a140-3410df07724b___FAM_B.Msls 1354.JPG,Esca,Esca,4.7318281357626615e-07,0.9999948470527787,3.9642524879655375e-06,7.15511919596399e-07,True
dd48c60e-0d52-41c3-b1a9-9fe110afcb78___FAM_B.Msls 1207.JPG,Esca,Esca,0.14448729073387284,0.855509725756043,2.0758022992843087e-07,2.7759298542356815e-06,True
de99b05b-3c54-41b1-b4bf-fc548de17675___FAM_B.Msls 3823.JPG,Esca,Esca,0.0013310875501403889,0.9986686374065139,3.333449822529037e-08,2.4170884758105466e-07,True
dead31a7-e533-413b-abb1-73a687145bbe___FAM_B.Msls 0827.JPG,Esca,Black_rot,0.4743462802628959,0.5252741267035882,3.2058507795776225e-07,0.0003792724484377184,False
decd47b1-34d6-40f8-94d3-2fcaba5ea7d2___FAM_B.Msls 4388.JPG,Esca,Esca,3.0761051707345104e-08,0.9999992115791869,6.280019330821913e-07,1.2965782813668382e-07,True
df11f62e-738e-4879-b37c-8f6ba65cde0c___FAM_B.Msls 1129.JPG,Esca,Esca,2.664271290867186e-11,0.9999999166156638,3.3342875421890474e-08,5.001481806575851e-08,True
e460685d-6204-4f40-bae4-74fc001e2dae___FAM_B.Msls 4025.JPG,Esca,Esca,1.5674549207544913e-11,0.9999961667216689,3.333949309190902e-08,3.7999231636343456e-06,True
e4b39784-a3a9-4c27-b265-03a3f30e04ef___FAM_B.Msls 1818.JPG,Esca,Esca,3.292511964818424e-10,0.9999897859962417,7.029347760144471e-08,1.014338102949771e-05,True
e518814c-da2c-40c0-856a-a3d43c1e404b___FAM_B.Msls 3980.JPG,Esca,Esca,3.9373270793780065e-12,0.9999999158598717,3.334317089603818e-08,5.079302024074185e-08,True
e58e8a6b-5bcf-414c-8891-ff7d891ef5f6___FAM_B.Msls 3798.JPG,Esca,Esca,0.09476037491530068,0.9051675929900991,1.0655762801437406e-05,6.137633179858472e-05,True
e72181bf-4291-4de7-90bc-4ae94e716a04___FAM_B.Msls 4143.JPG,Esca,Esca,2.1714991030548703e-08,0.9999998755117457,4.110307992497682e-08,6.167018345403279e-08,True
e7d466cb-8bc3-4b43-9f59-8eea814de5e8___FAM_B.Msls 0959.JPG,Esca,Esca,5.7342859689844024e-11,0.9999999165164463,3.335592561102251e-08,5.0070285515724724e-08,True
e8ca95a9-3716-4f7c-a466-b31b4532f835___FAM_B.Msls 1269.JPG,Esca,Esca,7.535860877364451e-10,0.9999999088131598,3.3605829077200513e-08,5.682742482393061e-08,True
e9074b27-fc6b-428b-81f0-53aa32111ba6___FAM_B.Msls 4400.JPG,Esca,Esca,1.9863788000943473e-09,0.9999992422395754,3.404656748615795e-08,7.217274783874497e-07,True
e923c5ba-9751-49d2-bd83-c8caa16c3f26___FAM_B.Msls 4318.JPG,Esca,Esca,0.20678709579525215,0.7932031929981339,1.052276493212914e-06,8.658930120546681e-06,True
eb6f0cb7-781d-4b62-865f-ed7251ccbdf7___FAM_B.Msls 4009.JPG,Esca,Esca,2.796854327703599e-14,0.9999999165685022,3.333358245726767e-08,5.009788756727062e-08,True
eb7eb704-11ad-409c-a94d-94ff35a091ba___FAM_B.Msls 4415.JPG,Esca,Esca,7.486915606410295e-08,0.9999997728570885,6.14670895812881e-08,9.080666570117282e-08,True
eb8e982f-0162-48a9-b989-3e523ad702a3___FAM_B.Msls 1252.JPG,Esca,Esca,2.9191152537384737e-09,0.999998763379681,4.526739135705699e-07,7.810272901623104e-07,True
ebaef57f-4abf-4f25-8434-c94e4658a2d3___FAM_B.Msls 3825.JPG,Esca,Esca,8.495785724557635e-12,0.9999988271820749,3.333632325421713e-08,1.1394731060280392e-06,True
ec930fce-3e79-45eb-a0bb-af2acce81c11___FAM_B.Msls 3846.JPG,Esca,Esca,6.118070567149153e-09,0.9999769724918003,3.552293579033936e-08,2.298586719318827e-05,True
ecc16a7d-48b2-4fd5-b460-65d2dd488990___FAM_B.Msls 1079.JPG,Esca,Esca,3.721821821742018e-12,0.9999999165835034,3.333749010768153e-08,5.0075284864885114e-08,True
ecccbe4f-a1c1-4359-8059-8085dcf199ad___FAM_B.Msls 4105.JPG,Esca,Esca,6.853209354385485e-07,0.9999982995006206,5.475134443829124e-07,4.6766499966101146e-07,True
ed99773d-d7ad-4d6d-a114-5311a02d0fda___FAM_B.Msls 1875.JPG,Esca,Healthy,0.35679659359972776,0.14572848613510012,0.42460722505693876,0.07286769520823334,False
ee28de90-ddd7-4a93-8a4d-d3320d6590ea___FAM_B.Msls 4442.JPG,Esca,Esca,0.0069671219644122755,0.9930119215665398,4.889273265537996e-07,2.0467541721469548e-05,True
ee6d868f-c7a2-400c-aa5e-2e8adeae885a___FAM_B.Msls 4159.JPG,Esca,Esca,2.619119840562337e-10,0.9999958110224888,1.678455702847391e-07,4.020870028796363e-06,True
f14f2685-988b-4f16-bb93-b6ba0bf511d4___FAM_B.Msls 1107.JPG,Esca,Esca,2.873227773965056e-10,0.9999998893783759,4.367596542186933e-08,6.665833590376123e-08,True
f16c6e21-179e-4c4f-b23e-e7c7bd31815e___FAM_B.Msls 1301.JPG,Esca,Esca,0.3006007813341865,0.6993990048347725,1.1733229358807671e-07,9.649874726403751e-08,True
f17a309c-7c2c-4af2-9241-554535e7f857___FAM_B.Msls 4217.JPG,Esca,Esca,2.855214432902286e-10,0.9999994859032115,3.343989493087063e-08,4.803713721409426e-07,True
f1f2742f-8047-41b1-b852-55ccae76e034___FAM_B.Msls 4373.JPG,Esca,Esca,4.8206619603382245e-09,0.999999564134413,1.0590732165475558e-07,3.251376034523207e-07,True
f21538e8-7615-4629-9bcd-3ad47cc60c42___FAM_B.Msls 4465.JPG,Esca,Esca,0.015589984533783682,0.9844096153045497,1.9660997332585727e-07,2.0355169340290437e-07,True
f2164022-24f0-4d1f-97dd-63ca568372e9___FAM_B.Msls 1167.JPG,Esca,Esca,0.04356033513034895,0.9564379892185524,8.260915281727566e-07,8.495595701799759e-07,True
f5f44cb5-a535-4e04-a872-e961cffcdd4a___FAM_B.Msls 4328.JPG,Esca,Esca,0.00302035194701889,0.9969784483629919,3.1782792307550655e-07,8.818620664527764e-07,True
f6a14f82-c522-43b3-b371-4872f1b569c6___FAM_B.Msls 0907.JPG,Esca,Esca,6.842524881755625e-11,0.9999960883675489,2.5168425220240234e-07,3.659879773738394e-06,True
f8ede950-6e0f-414d-9c9d-2b38c3a3a6ad___FAM_B.Msls 4222.JPG,Esca,Esca,1.1977152216220975e-06,0.9999976510018848,4.6050119058184763e-07,6.907817028610145e-07,True
fb1fddab-023e-4dc5-aff7-5db33c755b50___FAM_B.Msls 0839.JPG,Esca,Esca,0.002461446183447468,0.9974858836841254,4.848186038607122e-05,4.188272041160116e-06,True
fcc49391-8e58-4642-ba24-dbdc21948983___FAM_B.Msls 0862.JPG,Esca,Black_rot,0.4674568995882594,0.5205204836803092,0.01198054970138723,4.2067030044259516e-05,False
fd4a5af2-ae23-44a8-a18e-44e5cda6d683___FAM_B.Msls 3976.JPG,Esca,Esca,0.005259014615299935,0.994731870464078,7.699070169630938e-06,1.415850452471316e-06,True
fda9b856-d033-436f-b5ff-5afa3cdd0132___FAM_B.Msls 3998.JPG,Esca,Esca,2.794505296267964e-14,0.999999916627574,3.333508077426637e-08,5.003731729574518e-08,True
0163a6aa-fbf8-47c5-965f-59b6efe8bfe5___Mt.N.V_HL 6103.JPG,Healthy,Healthy,1.4409474688329062e-09,4.927270096608997e-10,0.9999821389350722,1.7859131253458676e-05,True
07d28aaf-09ea-4223-9a65-88ef49e54924___Mt.N.V_HL 9121.JPG,Healthy,Healthy,2.421722022644661e-06,1.3112305356285088e-06,0.9994813610206007,0.0005149060268411244,True
0cd6cdbd-1674-4abb-b734-756da4994cd0___Mt.N.V_HL 6052.JPG,Healthy,Healthy,2.1458127377536956e-07,1.0004550533305175e-07,0.9999846583726147,1.5027000606102449e-05,True
0ec29818-c70e-4586-9481-3201a67b7910___Mt.N.V_HL 6175.JPG,Healthy,Healthy,0.0009760995559221021,0.000705266889483645,0.9979572845963435,0.0003613489582507646,True
103b436c-40f5-40e7-b292-ae1bc619e194___Mt.N.V_HL 6084.JPG,Healthy,Healthy,7.247670261279854e-10,3.0964482064857996e-10,0.9999917416336942,8.257331893933166e-06,True
116c65e1-9d66-4aee-b151-6b8cd8319c2d___Mt.N.V_HL 9106.JPG,Healthy,Healthy,7.430246907913315e-08,2.542837820066688e-08,0.9998926205805526,0.00010727968860029049,True
1180dbb8-4509-4f56-a5f6-15ceac163ff9___Mt.N.V_HL 8928.JPG,Healthy,Healthy,4.7116809704341115e-08,2.546581199401336e-08,0.9999061038767011,9.38235406770472e-05,True
11a9b188-754b-45b5-a498-590bfdeb2643___Mt.N.V_HL 6159.JPG,Healthy,Healthy,7.493348222535753e-12,3.0078313000976587e-12,0.9999993569809468,6.430085520201749e-07,True
11c32403-6d55-4f16-8c16-fae9c04a9920___Mt.N.V_HL 9008.JPG,Healthy,Healthy,4.167358436809157e-11,1.5030036046728428e-11,0.9999974867655749,2.513177721689775e-06,True
12ad3257-385c-43f3-bed7-629d15c7d581___Mt.N.V_HL 6104.JPG,Healthy,Healthy,3.1882910475848922e-09,1.109361673298996e-09,0.9999651869112182,3.480879112917489e-05,True
14014978-72c9-49a4-949d-4fd1e9998dda___Mt.N.V_HL 8976.JPG,Healthy,Healthy,5.1996916532702804e-08,1.783545645888536e-08,0.9999008997890781,9.903037854889334e-05,True
14ffc2c7-87a8-4419-a250-a46593684397___Mt.N.V_HL 6095.JPG,Healthy,Healthy,8.473422144053447e-05,0.0009290405158944484,0.998832102686051,0.0001541225766136646,True
1665e179-a04d-4c61-8a64-d228e0344b62___Mt.N.V_HL 6073.JPG,Healthy,Healthy,2.0333556728322564e-07,1.1404846311224063e-07,0.9999448174395806,5.486517638912537e-05,True
18db578d-ab6c-4469-8e07-01d8c211a91f___Mt.N.V_HL 8983.JPG,Healthy,Healthy,7.655423667562091e-07,4.2086866946979086e-07,0.9996959253736724,0.0003028882152915344,True
215c8317-c0ca-4b35-9ac2-28e01712e367___Mt.N.V_HL 8914.JPG,Healthy,Healthy,7.720138765880183e-09,2.8633229266737633e-09,0.9999944604675822,5.528948956204189e-06,True
2211cfa2-311c-41f0-aba5-9bdef8037f20___Mt.N.V_HL 6051.JPG,Healthy,Healthy,1.1068945635814752e-08,4.084772831307559e-09,0.9999548052862332,4.5179560048381635e-05,True
25180138-3b60-452e-ac9c-70b664d315e8___Mt.N.V_HL 8988.JPG,Healthy,Healthy,1.0166319179473542e-07,5.739753496920547e-08,0.9998822894625125,0.00011755147676061657,True
2535a8a8-1676-482d-bf8e-6f4c54f87fc6___Mt.N.V_HL 6080.JPG,Healthy,Healthy,5.206570888602142e-11,2.0086387637969917e-11,0.9999998668055687,1.3312227922269944e-07,True
2b4a92e2-a039-45eb-ad1a-ee9914dfeefe___Mt.N.V_HL 6177.JPG,Healthy,Healthy,3.2825276644599036e-06,1.8612869676122552e-06,0.9994162618547846,0.0005785943305833302,True
2bd2ff11-36dc-43ec-888c-efa38601ef88___Mt.N.V_HL 8907.JPG,Healthy,Healthy,1.3290932540948346e-10,4.794896431215508e-11,0.9999951079340267,4.891885115013209e-06,True
2e7eb5d4-9e80-4db5-9b59-6414fa90d1c7___Mt.N.V_HL 8903.JPG,Healthy,Healthy,1.0935834700028381e-10,3.964361292683412e-11,0.9999955611318312,4.438719166848789e-06,True
394d4600-121b-4ecb-9c34-c70f8e3e0377___Mt.N.V_HL 9047.JPG,Healthy,Healthy,0.0002474186702576086,0.0010457467569674386,0.9986639153506712,4.2919222103868636e-05,True
3c593da4-e1df-460c-98a9-2bc71df670d5___Mt.N.V_HL 8970.JPG,Healthy,Healthy,1.688049180369612e-08,9.419721313174618e-09,0.9999815391375262,1.8434562260637287e-05,True
40802018-54d4-4be9-8dd3-0856e6dac368___Mt.N.V_HL 9050.JPG,Healthy,Healthy,8.329595070110424e-08,4.591729308825838e-08,0.9999012429433525,9.86278434037407e-05,True
41506a32-a472-4ca3-a8e0-4980c179096b___Mt.N.V_HL 6206.JPG,Healthy,Healthy,0.0011168483426837583,0.0013711180417859791,0.9963117694650636,0.0012002641504662978,True
41b69ecd-4f54-4601-981e-8e5659f4ab76___Mt.N.V_HL 9071.JPG,Healthy,Healthy,6.035428670165657e-07,2.2612810393153033e-07,0.9999694249326685,2.9745396360445862e-05,True
4bd0c235-94b2-4d5d-a76e-58df595e7802___Mt.N.V_HL 6032.JPG,Healthy,Healthy,4.7419762829951675e-08,2.2106110428318583e-08,0.9999633167472896,3.6613726837133323e-05,True
4e284d07-22f2-460c-b43e-53469538a8cb___Mt.N.V_HL 6146.JPG,Healthy,Healthy,2.69907266969403e-07,1.6083284087578574e-07,0.999955062237986,4.450702190596253e-05,True
55b69a06-7f10-41b1-8033-cc9e6c2bea5c___Mt.N.V_HL 8949.JPG,Healthy,Healthy,1.022202994064441e-07,3.527128798961247e-08,0.9999572171403603,4.2645368052334096e-05,True
580e79e8-9e89-41c8-930c-bd3eafb818b2___Mt.N.V_HL 6196.JPG,Healthy,Healthy,2.5247957529258182e-06,1.3794668408800635e-06,0.9994617489927945,0.0005343467446115615,True
5cb0aff8-6889-46d4-b283-da8f77761523___Mt.N.V_HL 8909.JPG,Healthy,Healthy,1.5834923339347227e-09,5.656544142977082e-10,0.9999822461416181,1.775170923512882e-05,True
61c3750a-b90a-4d1b-b907-8683be4faa13___Mt.N.V_HL 9084.JPG,Healthy,Healthy,3.340700110072793e-08,1.2028626227155916e-08,0.9999893798868362,1.0574677536426846e-05,True
698a1cd5-2ad0-4a76-bb73-65918083df56___Mt.N.V_HL 6160.JPG,Healthy,Healthy,5.039808003355405e-10,2.844738695018829e-10,0.9999997303108847,2.689006605595075e-07,True
6cf81f1f-7f6b-4e06-a0b5-c466e840feed___Mt.N.V_HL 8930.JPG,Healthy,Healthy,1.6511854940326695e-07,8.332662302737887e-08,0.9998178822992263,0.00018186925560120446,True
6de2d606-dc73-4cae-a8f9-e223085e56bd___Mt.N.V_HL 9007.JPG,Healthy,Healthy,3.800740526697316e-09,1.5597185263667036e-09,0.999997408403568,2.586235972994692e-06,True
6ff46c3b-bcbe-4a9b-8286-425cb92cb2ee___Mt.N.V_HL 8947.JPG,Healthy,Healthy,0.0066940155572601115,7.805112976447824e-05,0.9926012050884011,0.0006267282245742016,True
765ec43d-a790-4470-afc9-ff1ba4eb7214___Mt.N.V_HL 9112.JPG,Healthy,Healthy,5.517198360570095e-08,3.157600471520176e-08,0.9999155563802765,8.435687173515818e-05,True
7c10d5ab-f960-4fa6-a965-8c825df24810___Mt.N.V_HL 9041.JPG,Healthy,Healthy,3.663620474737858e-07,2.0706268759709765e-07,0.9997905743378858,0.00020885223737919178,True
7e72db84-6afb-408b-b0de-d1b16e9a48af___Mt.N.V_HL 6050.JPG,Healthy,Healthy,4.626224242549111e-07,1.9648371349483008e-07,0.9999701673961909,2.9173497671266173e-05,True
81c43511-4903-46db-9022-38c756418f34___Mt.N.V_HL 9124.JPG,Healthy,Healthy,0.007670896350181255,0.0030497813826227396,0.9891552346437626,0.00012408762343339897,True
87a06463-e4b9-477b-b294-c2eeb59ba485___Mt.N.V_HL 9006.JPG,Healthy,Healthy,6.570408652733422e-08,2.3394919111121722e-08,0.9999006654987885,9.924540220585405e-05,True
87d84f4b-0dfa-46f5-9bf9-87b3bb636d65___Mt.N.V_HL 6038.JPG,Healthy,Healthy,7.341458805977588e-08,4.154422601413734e-08,0.9999616246609222,3.826038026370566e-05,True
8a5dff69-180d-4a14-b8e1-b9e1374202c5___Mt.N.V_HL 6098.JPG,Healthy,Healthy,0.000276033751664499,0.003184218715253796,0.9957310614168889,0.0008086861161926754,True
8af21b75-7158-4286-acdf-ef35cf54fe26___Mt.N.V_HL 6116.JPG,Healthy,Healthy,1.1697227210719874e-06,6.366417166852662e-07,0.9999550123085121,4.3181327050151e-05,True
8c3b791e-e2e5-4f3b-8183-610458658926___Mt.N.V_HL 8982.JPG,Healthy,Healthy,3.485898087786083e-07,1.9063367485392967e-07,0.999793118208035,0.00020634256848134022,True
8e9f476c-e7ea-496e-a367-d384d1be2654___Mt.N.V_HL 8995.JPG,Healthy,Healthy,3.478231465831463e-11,1.2269302534527733e-11,0.9999985702986139,1.429654334337357e-06,True
8fab615a-502c-4044-b863-459b04a70158___Mt.N.V_HL 8990.JPG,Healthy,Healthy,1.025733226160063e-09,3.388521608201014e-10,0.9999837538587117,1.624477670279272e-05,True
944da534-67c1-4f04-8fa7-1e11492736ed___Mt.N.V_HL 6186.JPG,Healthy,Healthy,1.7425258348398151e-06,5.806641489492931e-07,0.9992805343846733,0.0007171424253429119,True
97c0552c-1cd6-4813-9608-3735b9867f98___Mt.N.V_HL 6046.JPG,Healthy,Healthy,0.06266068902131686,0.008284659406761404,0.9142670935885417,0.014787557983379784,True
98a433ea-a772-4549-8539-fa96e54bfffc___Mt.N.V_HL 6088.JPG,Healthy,Healthy,0.00041635573399686484,0.003988538510108663,0.9940167124367588,0.0015783933191358427,True
99edf5b5-3b65-47bc-8eb9-c9ff2582a28d___Mt.N.V_HL 8972.JPG,Healthy,Healthy,1.5628211661625737e-08,5.462578804066606e-09,0.9999618298196592,3.814908955036871e-05,True
9bca2bb8-b017-4d2b-ae0a-257916d55952___Mt.N.V_HL 8937.JPG,Healthy,Healthy,2.3533446340483572e-05,8.422743864349092e-06,0.997652601985736,0.0023154418240590234,True
9d1124c3-4be4-4998-b1f8-92b0d0f699a1___Mt.N.V_HL 8917.JPG,Healthy,Healthy,7.979394938455805e-09,3.738089515061963e-09,0.9999718425003449,2.8145782170844003e-05,True
9d298426-9f1f-4d43-a568-f38790eaff75___Mt.N.V_HL 9025.JPG,Healthy,Healthy,3.677091366689605e-07,1.3752340166308998e-07,0.9997468783929073,0.00025261637455420535,True
9e6f4d5f-c44a-40f0-bfbc-dcf0ef5f1371___Mt.N.V_HL 8940.JPG,Healthy,Healthy,6.166434079608408e-07,3.5161421379393774e-07,0.9997794936236181,0.0002195381187601852,True
9f569d96-a582-4c82-827a-b4467382cc64___Mt.N.V_HL 9067.JPG,Healthy,Healthy,1.7694934498890544e-10,6.357705766232155e-11,0.9999975518783573,2.4478811164748475e-06,True
a23b47a4-048d-4992-bc61-f3adec202543___Mt.N.V_HL 6113.JPG,Healthy,Healthy,0.0029597632400787627,0.01019714853564897,0.9784911673450619,0.008351920879210634,True
a523dc0c-8d71-4bd4-b1c5-13f1b594c882___Mt.N.V_HL 8922.JPG,Healthy,Healthy,1.6850939867619264e-09,6.893109149691637e-10,0.9999814238152567,1.8573810338340866e-05,True
a58dadba-775a-4053-8261-16a071479d1c___Mt.N.V_HL 9027.JPG,Healthy,Healthy,2.4963602085079113e-08,1.1636704874968124e-08,0.9999273983082436,7.256509144926744e-05,True
abe2906e-bb00-466f-bf7c-72ef59a5ea82___Mt.N.V_HL 9062.JPG,Healthy,Healthy,3.2250515190146194e-08,1.171409514427968e-08,0.9999165633456352,8.339268975455004e-05,True
ac00a5c9-0af6-4543-866a-ef4c476c3410___Mt.N.V_HL 6110.JPG,Healthy,Healthy,0.0029535649850059367,0.0016005891378655297,0.9947066276322994,0.0007392182448292672,True
ad0a8ced-f3b0-4c21-8ec6-658bcfe9fa2a___Mt.N.V_HL 9034.JPG,Healthy,Healthy,4.337468626491484e-06,2.299234557375973e-06,0.9992311044037394,0.0007622588930767055,True
b07129a6-b8b0-4715-b76f-f89bd40c6770___Mt.N.V_HL 8994.JPG,Healthy,Healthy,2.2370449502917167e-09,7.552461996820796e-10,0.9999781798714543,2.1817136254573818e-05,True
b25497ff-4272-43e3-8ead-71b57c676529___Mt.N.V_HL 9087.JPG,Healthy,Healthy,6.321466701704361e-10,2.2633699286093332e-10,0.9999887833642944,1.1215777221969785e-05,True
b556f11d-115a-4bac-8120-05195ac42e1d___Mt.N.V_HL 9123.JPG,Healthy,Healthy,6.559448324294234e-08,3.597292412835283e-08,0.9999267329912775,7.31654413151178e-05,True
b7b4fb14-c350-4c88-8a2c-2e35c239af6a___Mt.N.V_HL 9051.JPG,Healthy,Healthy,9.509234315531446e-08,5.547259138302423e-08,0.999909927296067,8.992213899842808e-05,True
bd7f0429-550b-4e28-95af-98e56b282437___Mt.N.V_HL 6130.JPG,Healthy,Healthy,7.788503654469978e-12,2.688280771726834e-12,0.999999157159067,8.4283045628629e-07,True
c24fe968-c13f-46ca-add1-c03828f54cd3___Mt.N.V_HL 9103.JPG,Healthy,Healthy,1.0692778419053873e-08,4.252297960190271e-09,0.9999220502110399,7.793484388385097e-05,True
ca0f32cb-25b3-4dcc-887f-fa4753c25ed5___Mt.N.V_HL 8998.JPG,Healthy,Healthy,2.0905454175396754e-08,7.54331602713587e-09,0.9999332950102933,6.667654093642624e-05,True
cd71e97d-cc73-4fdd-b625-c735844c3ce7___Mt.N.V_HL 6185.JPG,Healthy,Healthy,4.890922215707282e-07,2.8959193505340973e-07,0.9999765894024386,2.2631913404981497e-05,True
cec7f924-af25-4461-9ef2-6a9525ac6513___Mt.N.V_HL 6029.JPG,Healthy,Healthy,2.8507238393429266e-10,1.370546827618984e-10,0.9999980626166282,1.9369612448402506e-06,True
d68b653c-4fe7-49ee-80d4-1f0c84092242___Mt.N.V_HL 6077.JPG,Healthy,Healthy,8.691761638826385e-09,3.4560812234620077e-09,0.9999782014923038,2.1786359853481317e-05,True
d7523938-e65a-469b-bf29-656e05bfde99___Mt.N.V_HL 9046.JPG,Healthy,Healthy,2.503909834767079e-09,1.4101215748175638e-09,0.9999821483951447,1.78476908240966e-05,True
daf0e2e3-1d2b-4fcf-9dba-1ffa7605766e___Mt.N.V_HL 6210.JPG,Healthy,Healthy,0.0006710124477222908,0.0008130645566952078,0.9976460358250906,0.0008698871704917943,True
e6073510-a72b-441c-9b8a-a2de063a54a4___Mt.N.V_HL 6093.JPG,Healthy,Healthy,3.7858776165776776e-07,2.086849132601104e-07,0.9998133332564734,0.00018607947085167806,True
e97052d8-edd8-4e09-bdbb-c1c312d2c833___Mt.N.V_HL 8926.JPG,Healthy,Healthy,1.0460792029067653e-06,3.9234298616949226e-07,0.9995183240295511,0.00048023754825987424,True
eaf9de03-6ec6-453b-9cd1-38d5d3337ea3___Mt.N.V_HL 8951.JPG,Healthy,Healthy,9.810984638863785e-08,3.4380511917776644e-08,0.9999050080352991,9.485947434258926e-05,True
ec1a4297-7055-4ff3-9635-de6f5b2b6533___Mt.N.V_HL 9013.JPG,Healthy,Healthy,5.004178345681289e-08,1.9727039045788518e-08,0.9999116040687132,8.832616246453821e-05,True
edaa5185-4c46-42f4-98c9-cb17830c6fcf___Mt.N.V_HL 8977.JPG,Healthy,Healthy,3.5583396423764066e-07,1.3087053409182376e-07,0.9996467058598862,0.000352807435615435,True
f207869a-fff0-4339-9910-f381524c4599___Mt.N.V_HL 9125.JPG,Healthy,Healthy,7.437371600693273e-07,3.9967803640227867e-07,0.999905743006148,9.311357865549967e-05,True
f2c0965b-9c08-4e34-98e2-fbf310ae2ef8___Mt.N.V_HL 9038.JPG,Healthy,Healthy,1.2074870581924294e-07,5.937842230147027e-08,0.9998574472382642,0.00014237263460774476,True
f436f07c-ff87-4871-b712-5f282912f70c___Mt.N.V_HL 6180.JPG,Healthy,Healthy,3.040680563668584e-06,1.7520593339266946e-06,0.9994221713384324,0.0005730359216701724,True
f7c74956-3e0c-4669-b313-bf6e4559a91d___Mt.N.V_HL 9086.JPG,Healthy,Healthy,3.2511836166192166e-08,1.1873407813842721e-08,0.9999914005196024,8.555095153628534e-06,True
f8f6d1ee-deb5-4b3c-a92e-2583e2d6d590___Mt.N.V_HL 6122.JPG,Healthy,Healthy,4.7035735476723267e-07,2.6740965287805187e-07,0.999908100821239,9.116141175335705e-05,True
fabd2864-3431-4f44-b3bf-fa3af593fe05___Mt.N.V_HL 9002.JPG,Healthy,Healthy,1.4895028386459898e-09,8.624596496548461e-10,0.9999866013106262,1.3396337411417449e-05,True
019e7c07-16e3-4584-baba-5d38defdfb2a___FAM_L.Blight 4742.JPG,Leaf_blight,Leaf_blight,1.6376293712425872e-06,8.956126459655922e-07,5.617516936703184e-07,0.9999969050062891,True
0231ac9c-05aa-4710-8753-819c721b29b5___FAM_L.Blight 4639.JPG,Leaf_blight,Leaf_blight,8.351578000489748e-10,1.1563390605814876e-09,5.928971169280741e-10,0.9999999974156061,True
06c943c3-7c61-46ec-a6ce-5c8f0536d2b4___FAM_L.Blight 1459.JPG,Leaf_blight,Leaf_blight,0.009634306020722018,0.0009988082445525498,8.055147782844098e-07,0.9893660802199472,True
0771072b-cb0a-4ce9-b18a-cb9c654355e5___FAM_L.Blight 3752.JPG,Leaf_blight,Leaf_blight,3.99398237566479e-14,3.953534603561424e-14,1.5058635623755426e-14,0.9999999999999054,True
09fa9fa8-7274-4abb-a999-3ba8999af0a9___FAM_L.Blight 1584.JPG,Leaf_blight,Leaf_blight,2.010451261045309e-12,2.413477394599807e-12,8.229819610107163e-13,0.9999999999947531,True
0bdc5e46-cdfc-4e14-910a-dbdb3841634d___FAM_L.Blight 4784.JPG,Leaf_blight,Leaf_blight,7.027505787207395e-09,4.845123758000999e-09,2.321748787653706e-09,0.9999999858056217,True
0e4eb45c-721c-49ee-8df6-b4f1508bedfd___FAM_L.Blight 1533.JPG,Leaf_blight,Leaf_blight,0.001301683407340048,0.00017720663280231872,3.0399150012450225e-06,0.9985180700448564,True
10473db7-4efd-4620-80a1-7f7183b1481f___FAM_L.Blight 1578.JPG,Leaf_blight,Leaf_blight,1.351931936650888e-13,1.3555730442435992e-13,4.947761266240501e-14,0.9999999999996798,True
10ee05f6-5440-4b66-9979-2a5491d9ebaa___FAM_L.Blight 1644.JPG,Leaf_blight,Leaf_blight,0.0016999221944483257,7.725017691357894e-05,5.484909935956726e-06,0.998217342718702,True
127bfdf9-b583-47c1-b16e-dce2f10c7a22___FAM_L.Blight 4681.JPG,Leaf_blight,Leaf_blight,4.2669713527299214e-14,3.260253150071075e-14,1.5894229444293484e-14,0.9999999999999089,True
13afc598-abaf-46a3-ab05-4681d5b9bb20___FAM_L.Blight 4841.JPG,Leaf_blight,Leaf_blight,8.245572660669671e-14,4.7624744827398175e-14,3.146541359708708e-14,0.9999999999998384,True
14b018c3-0824-435b-8ad2-c1fc73c0ac66___FAM_L.Blight 4783.JPG,Leaf_blight,Leaf_blight,6.021643924405346e-14,3.3270936437105564e-14,2.049815408412699e-14,0.999999999999886,True
17369149-0cbf-433d-9e43-1d8ba375e1d4___FAM_L.Blight 3636.JPG,Leaf_blight,Leaf_blight,1.1760767933902128e-13,1.772362198819919e-13,5.968513180614022e-14,0.9999999999996455,True
1a2da798-3f89-4379-90b0-d04951adb782___FAM_L.Blight 3645.JPG,Leaf_blight,Leaf_blight,0.0004898607879405212,0.003344365321921052,9.72677300052946e-05,0.9960685061601332,True
1d26a7ba-5ba1-4ac0-a045-b7b6d67f1fdd___FAM_L.Blight 1531.JPG,Leaf_blight,Leaf_blight,0.002039875905807182,2.8231647812154334e-07,2.2904245754777405e-07,0.9979596127352571,True
1d79a268-2804-47ce-83fe-b8e3036baa2f___FAM_L.Blight 4780.JPG,Leaf_blight,Leaf_blight,2.981283512068517e-14,4.424100610638741e-14,1.4919369763889928e-14,0.999999999999911,True
1def114d-13d9-4e06-ad6e-556fa4137a10___FAM_L.Blight 4665.JPG,Leaf_blight,Leaf_blight,2.7894631911386706e-14,4.520560796478941e-14,1.678866038087322e-14,0.9999999999999101,True
1ef3043c-a33f-492e-b873-9eacc52fa9c3___FAM_L.Blight 4594.JPG,Leaf_blight,Leaf_blight,4.164382343754272e-14,3.5105442241801646e-14,1.4742217816760783e-14,0.9999999999999085,True
258600e9-8638-41b2-9d83-b2cbbecda02c___FAM_L.Blight 1717.JPG,Leaf_blight,Leaf_blight,0.006591473588530817,4.09639584579341e-05,3.4967117230866366e-08,0.9933675274858939,True
25e2f7a4-cf4a-4d22-8c97-46292ae6d475___FAM_L.Blight 4791.JPG,Leaf_blight,Leaf_blight,2.8607601664960203e-08,1.6165069508184463e-08,1.0946945676589559e-08,0.9999999442803832,True
2647944b-ed9e-4480-aa7f-c50eff845679___FAM_L.Blight 4741.JPG,Leaf_blight,Leaf_blight,0.007795979701239948,0.00013663822803447207,2.8885153847348602e-06,0.9920644935553409,True
279adf51-210b-43af-956a-453828159707___FAM_L.Blight 3659.JPG,Leaf_blight,Leaf_blight,9.72892518925438e-13,6.986069048925141e-13,3.2247701978235326e-13,0.999999999998006,True
279b02e6-6c6e-43eb-abfa-171cd1bded41___FAM_L.Blight 4548.JPG,Leaf_blight,Leaf_blight,2.3741373089633586e-14,4.312858665205248e-14,1.6717567616240225e-14,0.9999999999999164,True
28cad5b8-7856-4656-81d4-060d8c1f9cda___FAM_L.Blight 3644.JPG,Leaf_blight,Leaf_blight,1.9693254476738537e-06,2.4628671026593267e-06,8.300354254471379e-07,0.9999947377720242,True
2afbac6f-081c-464d-a001-3107bf2150a6___FAM_L.Blight 1514.JPG,Leaf_blight,Leaf_blight,1.4833203904168075e-08,5.999246016984567e-09,6.638712051953318e-09,0.999999972528838,True
2b735e09-c466-4d1d-903c-f4ea036225fa___FAM_L.Blight 4703.JPG,Leaf_blight,Leaf_blight,2.945453791312319e-14,5.4470044571217374e-14,2.021258972963259e-14,0.9999999999998959,True
2b82e665-b765-4514-93c9-715a2e452b34___FAM_L.Blight 0791.JPG,Leaf_blight,Leaf_blight,0.2423659718224122,0.15849137135388866,0.0032913910692210563,0.595851265754478,True
2bab428e-519b-4e4e-95db-45d88765a486___FAM_L.Blight 4907.JPG,Leaf_blight,Leaf_blight,6.607510834928521e-10,1.1814677852317251e-09,4.140836387811109e-10,0.9999999977436975,True
2c278897-0113-4a1a-b243-1f44deb6e495___FAM_L.Blight 1716.JPG,Leaf_blight,Leaf_blight,0.005531284016845176,2.014514668033707e-05,3.548102697009992e-08,0.9944485353554474,True
2d17737b-862c-4818-a0e9-01846b582bc2___FAM_L.Blight 4537.JPG,Leaf_blight,Leaf_blight,5.245011859781486e-12,2.8204569186705045e-12,1.7728038401683797e-12,0.9999999999901618,True
2e37edec-4bbc-4fe1-bf5c-4cfee149adb5___FAM_L.Blight 0778.JPG,Leaf_blight,Leaf_blight,3.0745869940152934e-10,5.250307831167944e-10,1.8227273054597298e-10,0.9999999989852378,True
2f24f635-8959-4d9f-bca4-48ece412c3aa___FAM_L.Blight 3697.JPG,Leaf_blight,Leaf_blight,3.3771375682939992e-12,5.828288673658549e-12,2.0081266883067616e-12,0.9999999999887864,True
2f69212b-87c5-4d8d-8bd5-a6ecbca6f22b___FAM_L.Blight 1394.JPG,Leaf_blight,Leaf_blight,8.669623921940731e-09,1.4104377641490759e-08,4.735747941575898e-09,0.9999999724902505,True
2ff2c091-83fe-4537-989c-bbc5fb212913___FAM_L.Blight 4956.JPG,Leaf_blight,Leaf_blight,5.432972341075287e-08,4.325782560227789e-08,1.830399005010528e-08,0.999999884108461,True
309e6a97-3736-4546-b77e-8fe5b8945463___FAM_L.Blight 0806.JPG,Leaf_blight,Leaf_blight,3.0605541358955968e-09,5.137010533596153e-09,1.770256973000319e-09,0.9999999900321783,True
32947471-dbca-4d1a-9bd2-a014ac923790___FAM_L.Blight 1621.JPG,Leaf_blight,Leaf_blight,2.1644997240837385e-12,1.3249093642033958e-12,7.162852799891817e-13,0.9999999999957944,True
337b0af5-ec5d-4935-b661-0b480caa6ea5___FAM_L.Blight 4777.JPG,Leaf_blight,Leaf_blight,4.3307403815139245e-14,3.4960706418573474e-14,2.090596731176457e-14,0.9999999999999009,True
338dd61a-290b-43e4-9f7d-022bd918aa58___FAM_L.Blight 4949.JPG,Leaf_blight,Leaf_blight,9.439033454209441e-07,8.445770706502412e-07,3.2842656819274804e-07,0.9999978830930157,True
347efc0d-b067-4c8a-8ee9-df88b70bbe2d___FAM_L.Blight 4628.JPG,Leaf_blight,Leaf_blight,3.016596523699474e-09,1.742261845785001e-09,1.362315769063044e-09,0.9999999938788258,True
34abc5bd-a22d-40f3-a516-05cdf383a39b___FAM_L.Blight 3731.JPG,Leaf_blight,Leaf_blight,7.712197142339027e-13,1.3200056924646844e-12,4.5203407867110836e-13,0.9999999999974568,True
34f0c357-d210-4451-be8c-cf07215268bb___FAM_L.Blight 1478.JPG,Leaf_blight,Leaf_blight,0.04779279154201475,0.00019839546406074057,2.17291974536751e-06,0.9520066400741789,True
35d01fef-46ec-4a5e-ba92-f2a6c0485fda___FAM_L.Blight 1625.JPG,Leaf_blight,Leaf_blight,6.570820921062379e-13,6.230151888039955e-13,2.532527424126966e-13,0.9999999999984667,True
380946a0-d5e4-41d5-be2a-ce4850b45506___FAM_L.Blight 4625.JPG,Leaf_blight,Leaf_blight,4.333493963428365e-14,2.364686212345504e-14,2.0352073299844483e-14,0.9999999999999126,True
3b31ce15-2e27-4d3c-acff-bb2f72204048___FAM_L.Blight 1522.JPG,Leaf_blight,Leaf_blight,2.0338540870257102e-08,1.0920108381225014e-08,6.872359497027349e-09,0.9999999618689912,True
3b49b5f5-1066-4913-9eb4-e74b9a21af03___FAM_L.Blight 1364.JPG,Leaf_blight,Leaf_blight,1.982495596977325e-12,3.364437335318327e-12,1.1474005258846638e-12,0.9999999999935056,True
3b8d48cf-bc06-4fd5-a35f-712519b8f7bc___FAM_L.Blight 3648.JPG,Leaf_blight,Leaf_blight,1.9213051072685374e-08,2.5464137799867155e-08,8.602758806724995e-09,0.9999999467200522,True
3bfbaac1-a8b5-447e-9845-5675b0d17ebf___FAM_L.Blight 4838.JPG,Leaf_blight,Leaf_blight,0.017496315596717087,0.42361915783915416,0.00020089633967478268,0.5586836302244536,True
3ca846ab-fca5-402e-a9fd-813278dfbfe0___FAM_L.Blight 1502.JPG,Leaf_blight,Leaf_blight,1.9033492843467207e-08,1.022435955028707e-08,6.434487535853876e-09,0.9999999643076601,True
3ce64bf3-1d54-4d8e-8f3d-c74edddbfd3d___FAM_L.Blight 4717.JPG,Leaf_blight,Leaf_blight,3.632282711340179e-14,4.516784818020249e-14,2.068996408967568e-14,0.9999999999998979,True
3e14eb16-4fd0-4c1f-92bb-c3efc01dc35c___FAM_L.Blight 1721.JPG,Leaf_blight,Leaf_blight,9.945007209295156e-08,1.8109879339720757e-07,6.416872971206197e-08,0.9999996552824049,True
402e809f-6fed-46a4-bf4d-3a78431c1555___FAM_L.Blight 4577.JPG,Leaf_blight,Leaf_blight,1.4039570818476681e-08,1.8249336069698246e-08,6.072580287409373e-09,0.9999999616385128,True
411bde08-1f89-4bda-a40e-6aa7c899e97d___FAM_L.Blight 1488.JPG,Leaf_blight,Leaf_blight,4.0292580197413744e-10,2.1643866169356316e-10,1.3623729219788466e-10,0.9999999992443983,True
414a0d83-ecad-424e-aa43-260fc5a45c2a___FAM_L.Blight 1697.JPG,Leaf_blight,Leaf_blight,2.286757737774447e-13,3.8121701898253985e-13,1.292489347930711e-13,0.9999999999992609,True
4265a06b-8b7e-43ec-8fd0-7419f4ca9afd___FAM_L.Blight 4801.JPG,Leaf_blight,Leaf_blight,3.164055772845732e-14,4.3904816596410347e-14,1.4517235881354682e-14,0.99999999999991,True
432f337d-5b28-495e-af5a-38e7f6142600___FAM_L.Blight 1587.JPG,Leaf_blight,Leaf_blight,4.4785191304070834e-13,7.710196837213909e-13,2.657037260441798e-13,0.9999999999985154,True
46c36268-2523-4c8c-bf43-77eb11c4f5e1___FAM_L.Blight 0785.JPG,Leaf_blight,Leaf_blight,0.002654037100363265,4.059281881554356e-05,2.0226841934276592e-05,0.9972851432388868,True
49dab82f-35b3-486d-94c6-cd856b44a19a___FAM_L.Blight 4812.JPG,Leaf_blight,Leaf_blight,1.4781566294085735e-12,1.8274063738303243e-12,6.146487967267961e-13,0.9999999999960798,True
49dd07b2-ae4e-4e36-928c-a5bdb4577431___FAM_L.Blight 4700.JPG,Leaf_blight,Leaf_blight,2.5719769670626487e-12,4.796516133593852e-12,1.8181688402983535e-12,0.9999999999908135,True
49e8818b-1902-4d74-9af0-b53ab83d52d0___FAM_L.Blight 4808.JPG,Leaf_blight,Leaf_blight,6.402873310308641e-07,8.768373497389673e-07,2.894347798059764e-07,0.9999981934405394,True
4aaa189f-d5bc-408a-9c36-13aaed174f16___FAM_L.Blight 3686.JPG,Leaf_blight,Leaf_blight,7.100211363006924e-14,6.870197534196473e-14,2.5753261627757633e-14,0.9999999999998346,True
4b45f1a3-1227-4e76-a1a1-7998f1227d08___FAM_L.Blight 1503.JPG,Leaf_blight,Leaf_blight,9.125276026000643e-07,5.220354276780925e-07,3.5917113652897716e-07,0.9999982062658331,True
4c08f1e5-825d-4992-8cb7-0ac1bdf38ae2___FAM_L.Blight 1604.JPG,Leaf_blight,Leaf_blight,4.1482283276258846e-14,3.7069291756714225e-14,1.5823658544167432e-14,0.9999999999999056,True
4da71de7-0bd9-455e-ab4b-8459a031fcf6___FAM_L.Blight 4847.JPG,Leaf_blight,Leaf_blight,2.271542838822363e-10,4.0953063266596e-10,1.4433199054862103e-10,0.9999999992189831,True
4fb37ee9-170c-4edf-88a1-60f2d0b245be___FAM_L.Blight 1560.JPG,Leaf_blight,Leaf_blight,0.014530428961040311,1.6019499203176325e-05,1.117565489676971e-06,0.9854524339742667,True
4ffdc46e-9451-4497-9403-10671dcb4cdc___FAM_L.Blight 3788.JPG,Leaf_blight,Leaf_blight,1.1779033038001263e-08,1.488221668941496e-08,4.977622785900056e-09,0.9999999683611275,True
51a236ae-939f-4f9e-97bf-f0ea246b637f___FAM_L.Blight 4743.JPG,Leaf_blight,Leaf_blight,8.60112049996508e-12,7.064606620323034e-12,3.0700614713021286e-12,0.9999999999812641,True
522e6b5a-0a38-4d51-a0f5-1665f818f23e___FAM_L.Blight 1612.JPG,Leaf_blight,Leaf_blight,8.885355527846455e-09,1.5087210416408513e-08,5.173939579267861e-09,0.9999999708534945,True
52c1cf06-9639-4877-b9e0-8579b8d85232___FAM_L.Blight 1638.JPG,Leaf_blight,Leaf_blight,4.188348086913569e-14,3.2735322043985967e-14,1.4120176856217182e-14,0.9999999999999113,True
52d309ed-a833-4def-9950-0cc29a3b5952___FAM_L.Blight 4802.JPG,Leaf_blight,Leaf_blight,2.4012211965908982e-11,2.378108963034022e-11,1.1621393609702502e-11,0.9999999999405854,True
53564db3-6a7d-48e3-9cf8-b77b48fa0502___FAM_L.Blight 1412.JPG,Leaf_blight,Leaf_blight,2.2994290837514375e-12,1.5116456201358345e-12,1.0332897987820565e-12,0.9999999999951555,True
54396503-ef60-4a0b-b38c-9b041a2f9d53___FAM_L.Blight 1496.JPG,Leaf_blight,Leaf_blight,1.9687851212490287e-10,1.1060141826446206e-10,7.312105945127703e-11,0.999999999619399,True
57f4032d-d8f1-42e9-b133-c4b07f3dedcc___FAM_L.Blight 1545.JPG,Leaf_blight,Leaf_blight,5.776804996751805e-08,3.116165040980336e-08,1.9543917165850516e-08,0.9999998915263825,True
58d319d5-99c7-4cd1-9584-b24797c2ad8d___FAM_L.Blight 3720.JPG,Leaf_blight,Leaf_blight,3.1243316568445206e-10,4.67259068515193e-10,1.5657396270564892e-10,0.9999999990637338,True
58d47a34-17b6-42e8-a726-16e238ddf11b___FAM_L.Blight 4679.JPG,Leaf_blight,Leaf_blight,2.5720440786057372e-11,1.5226197208474198e-11,8.607902343468864e-12,0.9999999999504454,True
5926a096-60be-4f1f-bf8c-a665ab588861___FAM_L.Blight 1609.JPG,Leaf_blight,Leaf_blight,3.5904855129459894e-14,4.59924400192302e-14,1.8087721591043136e-14,0.9999999999999,True
59f88755-a95e-42a8-b7ec-5e139d4d7d0e___FAM_L.Blight 3689.JPG,Leaf_blight,Leaf_blight,2.7072682350109414e-13,1.4856741095008332e-13,9.27414109115794e-14,0.999999999999488,True
5a50e65a-30a7-4a66-a46a-ab43b2ac6317___FAM_L.Blight 4652.JPG,Leaf_blight,Leaf_blight,2.0593977598770136e-07,1.4766230963836347e-07,8.037952720345862e-08,0.9999995660183872,True
5acd6847-c005-4bf8-a676-80c93e802f87___FAM_L.Blight 0810.JPG,Leaf_blight,Leaf_blight,4.0587916077328424e-09,1.67111400426075e-09,1.8188326238715127e-09,0.9999999924512617,True
5ae558a8-4305-415c-9b99-3e3062011d1b___FAM_L.Blight 4904.JPG,Leaf_blight,Leaf_blight,8.325210518222254e-13,1.514801337645169e-12,5.372618973394894e-13,0.9999999999971154,True
5d261e2e-5541-4b94-b3d4-bce65bd7e12d___FAM_L.Blight 1679.JPG,Leaf_blight,Leaf_blight,9.245813036737798e-09,8.135261386658097e-09,3.201176790485663e-09,0.9999999794177488,True
5ffff25b-fcaa-4f93-ba23-9315ce5adcd6___FAM_L.Blight 1451.JPG,Leaf_blight,Leaf_blight,5.2565101221541704e-11,6.805643270016913e-11,2.434494893897484e-11,0.9999999998550335,True
61035474-7322-4ef0-82f6-9fbc8deed18f___FAM_L.Blight 4604.JPG,Leaf_blight,Black_rot,0.45138576089335686,0.045974740449320546,0.0013009302983219815,0.5013385683590006,False
61356c31-6b08-4995-a192-1d44a5d20d8e___FAM_L.Blight 3643.JPG,Leaf_blight,Leaf_blight,1.0022962503839135e-09,7.84574805084164e-10,3.3901452323395155e-10,0.9999999978741144,True
61580347-a393-4521-bec9-dc195a94b7f2___FAM_L.Blight 1468.JPG,Leaf_blight,Leaf_blight,0.002167820349146831,0.00013349289998446017,4.2453591879416065e-08,0.9976986442972765,True
6163597f-f7bc-4802-a9b8-cda506a1857a___FAM_L.Blight 1707.JPG,Leaf_blight,Leaf_blight,1.4062554681059806e-08,1.0485084161734581e-08,1.4107064521152123e-08,0.9999999613452967,True
6378484e-ee1d-4d23-9fbc-4af29fb0b14b___FAM_L.Blight 1518.JPG,Leaf_blight,Leaf_blight,0.0022097382064781308,7.725149940477176e-08,1.1685002189962695e-05,0.9977784995398327,True
65f20309-60c7-4a2c-acbd-5ae4efcdc4ef___FAM_L.Blight 3680.JPG,Leaf_blight,Leaf_blight,5.117687572037798e-09,2.9059209843247166e-09,1.9003787174005697e-09,0.9999999900760126,True
6679c348-59cb-4732-8ae3-928451bf4b13___FAM_L.Blight 4715.JPG,Leaf_blight,Leaf_blight,3.0981078400912026e-12,1.325037615699723e-12,1.4380486750919723e-12,0.9999999999941388,True
67404133-edc0-4e07-a4ec-6bcb825e3702___FAM_L.Blight 4675.JPG,Leaf_blight,Leaf_blight,4.133934634350294e-09,2.269988175562622e-09,1.4452495239560036e-09,0.9999999921508277,True
69a14243-b896-4910-8c9a-f96920d738d8___FAM_L.Blight 1722.JPG,Leaf_blight,Leaf_blight,0.002351060824988273,0.0009028620063516022,1.4945140204243458e-06,0.9967445826546396,True
6aee7b78-f557-4a97-bced-7f6e2c1ffae0___FAM_L.Blight 3650.JPG,Leaf_blight,Leaf_blight,6.872279035693372e-11,5.961059966118001e-11,2.7810502747242597e-11,0.9999999998438561,True
6b7e17e8-e033-4eb5-93bc-c313fd70c8a7___FAM_L.Blight 4815.JPG,Leaf_blight,Leaf_blight,4.153352461295251e-14,2.657572165225954e-14,1.3714639568549574e-14,0.9999999999999182,True
6bac8771-bc3c-48a6-96f9-f43994aeb832___FAM_L.Blight 3706.JPG,Leaf_blight,Leaf_blight,4.472087910125113e-13,5.515259724489647e-13,1.869974239156925e-13,0.9999999999988142,True
6e4d7942-a265-44b0-990e-0f3448a21f31___FAM_L.Blight 3787.JPG,Leaf_blight,Leaf_blight,1.4656496078540905e-10,2.328844572389892e-10,7.773483155660756e-11,0.9999999995428158,True
6ef1c3be-ce3e-416a-ba51-d7b6b53d3faf___FAM_L.Blight 4969.JPG,Leaf_blight,Leaf_blight,5.1977768660677516e-08,2.8658611981766624e-08,1.7459413058862682e-08,0.9999999019042063,True
6f133cb4-b5c3-4f41-a22d-59fb7ec591f0___FAM_L.Blight 4545.JPG,Leaf_blight,Leaf_blight,7.26242088512292e-12,3.954093998906138e-12,2.4477962616332767e-12,0.9999999999863357,True
6f672efb-7502-4585-8544-facc7b82d96b___FAM_L.Blight 0796.JPG,Leaf_blight,Leaf_blight,4.192090728148341e-14,3.389653453314617e-14,1.4882160818683376e-14,0.9999999999999093,True
7231252d-783a-4fd9-87d1-f1867b5f74c7___FAM_L.Blight 1443.JPG,Leaf_blight,Leaf_blight,9.594110814569986e-12,5.264706047939967e-12,3.3706046474421754e-12,0.9999999999817706,True
735a324d-b956-410d-9f23-ad68fbd56b21___FAM_L.Blight 1550.JPG,Leaf_blight,Leaf_blight,2.2581418660642982e-14,4.115042348589144e-14,1.4650818403409224e-14,0.9999999999999216,True
74290c7b-f998-46b0-9681-eacb44dbb022___FAM_L.Blight 1413.JPG,Leaf_blight,Leaf_blight,3.9796393085251117e-14,2.1507593120655177e-14,1.3473893587481025e-14,0.9999999999999252,True
748117e1-e645-4cc4-a8d3-b3b7f64c22cf___FAM_L.Blight 1477.JPG,Leaf_blight,Leaf_blight,1.0623061724860047e-10,5.823307207399591e-11,3.735120159717344e-11,0.9999999997981851,True
754505a9-a4d3-4dc4-a136-b55389b80b76___FAM_L.Blight 1698.JPG,Leaf_blight,Leaf_blight,7.12607997758044e-14,1.1974045082637778e-13,4.071104208105832e-14,0.9999999999997683,True
756bd990-15bf-447e-9e3d-3d597509a79d___FAM_L.Blight 4605.JPG,Leaf_blight,Leaf_blight,1.0160562169153132e-06,5.714591773835598e-07,3.6286114946660387e-07,0.9999980496234562,True
76e6f4da-eb1d-4af9-9bd0-75a46b9f47da___FAM_L.Blight 1589.JPG,Leaf_blight,Leaf_blight,7.530633223000135e-11,8.665184428462339e-11,2.974512864059743e-11,0.9999999998082967,True
791fbbb4-087e-4a00-9694-de48028f8d1f___FAM_L.Blight 4724.JPG,Leaf_blight,Leaf_blight,3.149687625920221e-12,5.047708776355819e-12,1.6883865858548239e-12,0.9999999999901141,True
79a36ce0-653e-4607-a6ac-bfa5e0209fc2___FAM_L.Blight 4767.JPG,Leaf_blight,Leaf_blight,2.0246578188566666e-06,1.1402221939329617e-06,7.214318690263362e-07,0.9999961136881182,True
7abb01f9-fba8-4f04-a8b4-aacbe78adf77___FAM_L.Blight 4993.JPG,Leaf_blight,Leaf_blight,9.511727943780527e-08,1.0716586380563838e-07,3.739027840359431e-08,0.9999997603265783,True
8058a339-b754-473f-8d6a-7561787ada09___FAM_L.Blight 1499.JPG,Leaf_blight,Leaf_blight,3.3773523010802834e-09,1.816838757153463e-09,1.1449890508965808e-09,0.9999999936608198,True
80a81205-f5b3-477b-b3a1-3982a8ff2435___FAM_L.Blight 0813.JPG,Leaf_blight,Leaf_blight,2.5143263593187907e-07,4.5857314634159276e-07,1.6254696866840725e-07,0.9999991274472491,True
80bc3455-9ec0-4ec7-8681-10a063facbae___FAM_L.Blight 3688.JPG,Leaf_blight,Leaf_blight,4.0352444081833245e-14,3.8125399997325123e-14,1.442340804064551e-14,0.9999999999999072,True
8243e3f5-4864-4944-956c-9fdcab4b18ef___FAM_L.Blight 1548.JPG,Leaf_blight,Leaf_blight,4.0450219843108534e-14,4.0829203238680494e-14,2.1641380300071863e-14,0.9999999999998971,True
836d2a24-5de9-4104-901e-ea3106ad7eb5___FAM_L.Blight 1441.JPG,Leaf_blight,Leaf_blight,3.9742187573479765e-14,2.1398751145673484e-14,1.3472022007646792e-14,0.9999999999999253,True
8392a4e9-5994-4044-aebf-3a333f63fccf___FAM_L.Blight 1540.JPG,Leaf_blight,Leaf_blight,4.1452770758442135e-14,2.6207665300451005e-14,1.3698770324687956e-14,0.9999999999999185,True
8436510b-4989-4f31-bd77-0e4583db26c3___FAM_L.Blight 1685.JPG,Leaf_blight,Leaf_blight,1.590582697774942e-10,2.1178723145891066e-10,7.022531916594235e-11,0.9999999995589292,True
85b5b58b-ce03-4a10-844e-08e3b2c14d61___FAM_L.Blight 4573.JPG,Leaf_blight,Leaf_blight,3.92852950780033e-12,1.3949683091527824e-12,2.5131619756709288e-12,0.9999999999921634,True
88a40dd6-6598-4b9a-9303-4757546e3d9d___FAM_L.Blight 1583.JPG,Leaf_blight,Leaf_blight,5.1453970339589754e-14,3.5170784684982345e-14,1.7023365319473205e-14,0.9999999999998963,True
89cd6ba7-d7a5-42b9-b082-4d5206ac2e28___FAM_L.Blight 4627.JPG,Leaf_blight,Leaf_blight,3.0748836889861105e-10,1.6618036462152045e-10,1.0516624846194643e-10,0.9999999994211649,True
89dc7e98-963f-46e6-ada5-52f691f73cf1___FAM_L.Blight 1664.JPG,Leaf_blight,Leaf_blight,3.867040395851572e-14,4.087681230453141e-14,1.477328135114483e-14,0.9999999999999056,True
8d9ebabe-3872-4158-a212-71089fd3f285___FAM_L.Blight 0802.JPG,Leaf_blight,Leaf_blight,1.5164537245206194e-07,9.60185978478716e-08,5.077099667926425e-08,0.999999701565033,True
8e6b80f3-8faa-4703-8d62-73669c62f19b___FAM_L.Blight 1484.JPG,Leaf_blight,Leaf_blight,4.7558538448469034e-11,2.568857769390639e-11,1.6223833332997346e-11,0.999999999910529,True
8ec33d2f-9a5e-45a8-93f3-0eed57944d7b___FAM_L.Blight 1377.JPG,Leaf_blight,Leaf_blight,0.06649837646134497,0.013412898685367537,0.00013299733077887365,0.9199557275225085,True
8ed09c19-b193-4134-94df-b1491c5f2daf___FAM_L.Blight 4721.JPG,Leaf_blight,Leaf_blight,5.0519577986259554e-08,5.547155587238767e-08,1.9752337292278666e-08,0.9999998742565289,True
904ad76d-c2c5-43b2-a874-7b80602602d5___FAM_L.Blight 4608.JPG,Leaf_blight,Leaf_blight,4.052827133293065e-14,2.3901607528757907e-14,1.527199607604498e-14,0.9999999999999203,True
914468c9-33f4-4da4-8eb2-23ab4225c3f5___FAM_L.Blight 4973.JPG,Leaf_blight,Leaf_blight,9.034105531512326e-12,5.0615688172598125e-12,3.025579570489729e-12,0.9999999999828788,True
91f06eef-b307-4632-a470-99f15e05f54a___FAM_L.Blight 1485.JPG,Leaf_blight,Leaf_blight,3.813201819194994e-10,1.9846654084109615e-10,1.817359910767508e-10,0.9999999992384774,True
92c366a7-958d-49ea-b5b7-b18373d4ea49___FAM_L.Blight 3649.JPG,Leaf_blight,Leaf_blight,1.874800623327459e-09,2.672140790733379e-09,9.17240234305482e-10,0.9999999945358182,True
93ceca0e-43ec-4b03-97ab-6dc037899eec___FAM_L.Blight 4510.JPG,Leaf_blight,Leaf_blight,1.1312356801084547e-10,1.9704257721122003e-10,6.801574133082056e-11,0.9999999996218181,True
996560b8-816d-486d-af99-7777c85ec89d___FAM_L.Blight 4835.JPG,Leaf_blight,Black_rot,0.21807395835579435,0.27328222290853976,0.01791662729621386,0.49072719143945204,False
999e3735-a305-4048-8bcf-08995660e12e___FAM_L.Blight 4535.JPG,Leaf_blight,Leaf_blight,1.5398729544192043e-11,8.331034811934218e-12,5.196693100935113e-12,0.9999999999710736,True
9ad9a56b-ab99-4373-8aea-e8eca129c7c3___FAM_L.Blight 0808.JPG,Leaf_blight,Leaf_blight,2.915902325863407e-10,5.21429927961832e-10,1.8621141815656166e-10,0.9999999990007684,True
9b979112-411f-4bf3-94cf-b3d99382a046___FAM_L.Blight 1495.JPG,Leaf_blight,Leaf_blight,9.810750780569185e-13,3.6077515273659395e-13,4.2053520370265323e-13,0.9999999999982376,True
9d62bde9-951a-4b1a-ac24-09131cabd8dc___FAM_L.Blight 1556.JPG,Leaf_blight,Leaf_blight,2.2541611332438772e-10,1.2439761771638504e-10,7.73777642395643e-11,0.9999999995728085,True
9e7bf72d-a42c-4d5b-974a-41cafa8ad856___FAM_L.Blight 1536.JPG,Leaf_blight,Leaf_blight,1.1155574230085927e-11,3.861436722999719e-12,7.617041494663341e-12,0.9999999999773659,True
a01aed25-9434-4352-8d7f-eb208ac65b59___FAM_L.Blight 3729.JPG,Leaf_blight,Leaf_blight,7.140177810184435e-09,4.263108168320839e-09,2.3700922996061664e-09,0.9999999862266217,True
a08e6727-aac8-4e31-9bc1-c687207106dd___FAM_L.Blight 3655.JPG,Leaf_blight,Leaf_blight,7.30505763800192e-11,4.0295268717310226e-11,3.474666203050098e-11,0.9999999998519075,True
a0cf615d-82ba-4200-832b-8c35e724f7b7___FAM_L.Blight 4959.JPG,Leaf_blight,Leaf_blight,0.004906133144412405,0.0020550357322186483,5.314044964632922e-06,0.9930335170784039,True
a2087038-2e20-4549-98bb-dd657d4a28d8___FAM_L.Blight 3743.JPG,Leaf_blight,Leaf_blight,2.410763488989725e-10,3.400008227314048e-10,1.1226897986871282e-10,0.9999999993066538,True
a2a7d53f-b437-4b33-b57d-489cb882ceb1___FAM_L.Blight 1490.JPG,Leaf_blight,Leaf_blight,3.195764199898317e-11,1.1784495605085352e-11,1.4252272643777595e-11,0.9999999999420055,True
a3ed2570-7749-432c-971b-56c684aac305___FAM_L.Blight 4579.JPG,Leaf_blight,Leaf_blight,2.927049570132378e-08,2.074792108770848e-08,9.69397894792662e-09,0.9999999402876043,True
a3f8d893-6d31-4115-bd62-c6af363e8f6c___FAM_L.Blight 4760.JPG,Leaf_blight,Leaf_blight,1.6813459549520426e-09,8.147548617958453e-10,7.694083730536274e-10,0.9999999967344908,True
a561efdd-a5af-4326-9600-861cde75b09d___FAM_L.Blight 1623.JPG,Leaf_blight,Leaf_blight,9.664294994539991e-14,1.3673046412579936e-13,4.513172640016808e-14,0.9999999999997214,True
a806930f-9bee-4c5b-b354-bbfb2b633790___FAM_L.Blight 3666.JPG,Leaf_blight,Leaf_blight,8.699485728554793e-08,1.586349957171943e-07,5.6271733749595644e-08,0.9999996980984133,True
a964125d-6ede-4db2-9131-23b9dabe3dc3___FAM_L.Blight 4823.JPG,Leaf_blight,Leaf_blight,9.353586151947938e-07,6.216465863005413e-07,3.152585765728959e-07,0.9999981277362219,True
aa04ad0f-141c-4e2d-b9f6-0f3899af1d40___FAM_L.Blight 0782.JPG,Leaf_blight,Leaf_blight,7.713717783010722e-07,1.2294811257671716e-06,4.1383563541421113e-07,0.9999975853114605,True
aabfd287-1fb1-4002-b193-8bcc729e1c07___FAM_L.Blight 1526.JPG,Leaf_blight,Leaf_blight,0.011109221788069237,2.8341847943052747e-05,4.268720923625214e-05,0.9888197491547515,True
abc17dae-01ec-4161-84f0-6e374ef82f39___FAM_L.Blight 1369.JPG,Leaf_blight,Leaf_blight,3.313400225834432e-13,1.7861030369807865e-13,1.1265206961981279e-13,0.9999999999993775,True
abe606fb-ca07-4c09-9d41-944c717f6fc8___FAM_L.Blight 1513.JPG,Leaf_blight,Leaf_blight,2.4178832748112616e-07,1.3700955171733745e-07,1.1220112226935583e-07,0.9999995090009985,True
ac025db6-6342-4dd6-9ea0-19ffc2d112ef___FAM_L.Blight 4939.JPG,Leaf_blight,Leaf_blight,1.5499492430735042e-06,8.745443990055518e-07,5.240430492501848e-07,0.9999970514633086,True
ad9a833c-4242-4945-a92a-9d68e758ad6c___FAM_L.Blight 1544.JPG,Leaf_blight,Leaf_blight,6.18058027671852e-10,3.415072512269774e-10,2.0862607781288795e-10,0.9999999988318086,True
af35c228-1910-47aa-acbd-6e099be38ce2___FAM_L.Blight 4928.JPG,Leaf_blight,Leaf_blight,1.4716556316545498e-08,8.07903370013432e-09,4.949630454964027e-09,0.9999999722547794,True
af48285c-385a-473e-871b-6f2e72ae4002___FAM_L.Blight 4798.JPG,Leaf_blight,Leaf_blight,2.5062709794086955e-14,4.2128282741852324e-14,1.4309596228353044e-14,0.9999999999999186,True
afa1aa52-eed2-47a3-9935-ee74531d376d___FAM_L.Blight 4572.JPG,Leaf_blight,Leaf_blight,4.671191653421781e-11,2.3005780779481954e-11,2.2087915278203264e-11,0.9999999999081944,True
b0dfd9ec-fa42-4ca4-ad8b-76be947df409___FAM_L.Blight 1683.JPG,Leaf_blight,Leaf_blight,5.555457690535413e-12,7.018142713244268e-12,2.3923191053787685e-12,0.9999999999850341,True
b277b0c6-846c-45f5-b314-e04d965e22be___FAM_L.Blight 4996.JPG,Leaf_blight,Leaf_blight,1.3280657992492481e-07,9.479953641077903e-08,4.475506406194438e-08,0.9999997276388196,True
b2782d03-fed9-4964-bb41-aeb868271624___FAM_L.Blight 1602.JPG,Leaf_blight,Leaf_blight,4.1126710963639706e-14,2.310073946144031e-14,1.9282945301226916e-14,0.9999999999999164,True
b42f7e3e-513e-4b66-a19a-91b1867932de___FAM_L.Blight 1361.JPG,Leaf_blight,Leaf_blight,4.1371930825489034e-14,6.497566947101819e-14,2.1727664017137492e-14,0.999999999999872,True
b69d2a63-5035-4338-93ee-6e00d9604eab___FAM_L.Blight 3744.JPG,Leaf_blight,Leaf_blight,1.5175662487793105e-13,2.654438106364233e-13,9.187796156414528e-14,0.999999999999491,True
b939c614-4205-4de8-acbc-277f29375dd2___FAM_L.Blight 4602.JPG,Leaf_blight,Leaf_blight,5.551195740454973e-07,3.6729261710496477e-07,1.8290468762086563e-07,0.9999988946831213,True
ba1a3c37-04cd-4fbf-bac2-fecad04c3c73___FAM_L.Blight 4985.JPG,Leaf_blight,Leaf_blight,0.29956657591007246,0.12119011927274256,0.034709681952712804,0.5445336228644722,True
ba8778b1-8caf-47b6-a3c1-d0d5b259a0c0___FAM_L.Blight 1603.JPG,Leaf_blight,Leaf_blight,4.119276784397828e-14,2.5185908842891742e-14,1.3650573632049722e-14,0.99999999999992,True
be21ce1d-836b-4977-ad51-bb20114ccd50___FAM_L.Blight 1510.JPG,Leaf_blight,Leaf_blight,2.2552313840646676e-10,1.235055143525614e-10,7.930340691187789e-11,0.999999999571668,True
be4475e2-a944-42de-97f2-5e88d7b3de56___FAM_L.Blight 1528.JPG,Leaf_blight,Leaf_blight,0.04561542414384374,4.689850721117902e-05,1.8638697727131769e-06,0.9543358134791724,True
bf5d46e1-b390-4a0a-8243-1f6d928652b0___FAM_L.Blight 0779.JPG,Leaf_blight,Leaf_blight,7.027563332696037e-11,4.3503034789561665e-11,2.3733327494694774e-11,0.999999999862488,True
bf649868-cda0-4a7b-a6ec-b12d192f3122___FAM_L.Blight 1424.JPG,Leaf_blight,Leaf_blight,4.2249082746325637e-14,3.090384725793157e-14,1.5994576490760176e-14,0.9999999999999108,True
bf72c2cd-8598-4fd3-8486-8d059aa7e84a___FAM_L.Blight 3746.JPG,Leaf_blight,Leaf_blight,2.308000448300466e-11,1.986790998961021e-11,7.945921998249872e-12,0.9999999999491062,True
c04e9229-715d-4991-91d3-ed6acae91326___FAM_L.Blight 4636.JPG,Leaf_blight,Leaf_blight,3.226043302779262e-14,4.5165329922873435e-14,1.596946859299957e-14,0.9999999999999066,True
c1336a7c-701e-4455-a04c-204eadaf42c2___FAM_L.Blight 0793.JPG,Leaf_blight,Leaf_blight,9.73584665750636e-14,4.5439989696511283e-14,4.400138720037424e-14,0.9999999999998131,True
c1c6c2d3-7d1b-409e-9069-42112567c85c___FAM_L.Blight 1731.JPG,Leaf_blight,Leaf_blight,4.588571996569074e-14,7.838605652007756e-14,2.8052070053762553e-14,0.9999999999998477,True
c26745db-93a8-4ec5-a149-a5d60339c090___FAM_L.Blight 4846.JPG,Leaf_blight,Leaf_blight,3.709196835379017e-12,6.678172289855063e-12,2.3571175825305184e-12,0.9999999999872555,True
c36c4484-e4bf-46ad-bdd3-b6075bc38719___FAM_L.Blight 1585.JPG,Leaf_blight,Leaf_blight,2.3302019871382135e-14,4.152240208667351e-14,1.4770031913490888e-14,0.9999999999999204,True
c4456b3d-20aa-4a42-bcfc-409891f57068___FAM_L.Blight 5007.JPG,Leaf_blight,Leaf_blight,0.0038878278326182755,0.0009917139133259392,0.00039155929241403047,0.994728898961642,True
c4551049-65cf-4da7-820d-e773ffa54ead___FAM_L.Blight 1607.JPG,Leaf_blight,Leaf_blight,4.257272080222476e-14,2.9456811795262323e-14,1.8567136435333195e-14,0.9999999999999094,True
c4d2c087-d73d-4e0e-9dd6-6b2da0f2faaf___FAM_L.Blight 4659.JPG,Leaf_blight,Leaf_blight,1.993464914357401e-12,1.0759522597524493e-12,6.783274376009028e-13,0.9999999999962523,True
c550df77-b653-4415-be0a-dc04a2ad8abd___FAM_L.Blight 1616.JPG,Leaf_blight,Leaf_blight,1.9091655279148532e-11,7.404228560410877e-12,1.0406888152135412e-11,0.9999999999630972,True
c5fd9bf9-9d55-4c91-a83f-2115d4771c90___FAM_L.Blight 4527.JPG,Leaf_blight,Leaf_blight,1.8159375771123352e-09,1.4024703402649555e-09,6.138116667495072e-10,0.9999999961677805,True
c801581b-6e85-4c4e-8d0a-b9a87299a8f6___FAM_L.Blight 4660.JPG,Leaf_blight,Leaf_blight,1.5102376348164262e-12,9.62856829530783e-13,5.444476834652443e-13,0.9999999999969825,True
c9a2c0cb-b461-437f-960d-b9475bfe3a34___FAM_L.Blight 4696.JPG,Leaf_blight,Leaf_blight,1.0208416275851711e-13,4.13946550372339e-14,4.432323618038511e-14,0.9999999999998122,True
ca6e4a1a-f519-4cfa-b379-d21c15b21716___FAM_L.Blight 1429.JPG,Leaf_blight,Leaf_blight,0.0011853757012944114,0.0011641798570108978,0.0001924119836447286,0.99745803245805,True
caa24bc6-c55d-4730-856f-a397108a7887___FAM_L.Blight 4756.JPG,Leaf_blight,Leaf_blight,3.07047243241542e-09,3.099515043087786e-09,1.91143022428697e-09,0.9999999919185822,True
cb340afd-cfe7-47f7-84c6-28c8d4dd3166___FAM_L.Blight 0803.JPG,Leaf_blight,Leaf_blight,3.3354170164330364e-08,4.685035039065652e-08,1.5463590820299096e-08,0.9999999043318886,True
cc292d77-4144-4187-b71d-f837375a2fe6___FAM_L.Blight 4999.JPG,Leaf_blight,Leaf_blight,6.204994008569848e-08,4.0909850082811326e-08,2.0522914988003837e-08,0.9999998765172948,True
cc8ea399-d7a8-4470-850c-b8ee0ac965fd___FAM_L.Blight 1539.JPG,Leaf_blight,Leaf_blight,7.367073692379387e-13,3.0816641445222247e-13,3.340089934100709e-13,0.9999999999986211,True
cdb32553-9038-435f-b747-a60e1641f640___FAM_L.Blight 1691.JPG,Leaf_blight,Leaf_blight,7.873996804051691e-11,4.25016511593455e-11,2.6576829342153892e-11,0.9999999998521815,True
cf7d0e37-26c6-4b6a-a44b-d97a4a7f1b68___FAM_L.Blight 1706.JPG,Leaf_blight,Leaf_blight,3.3456436718896376e-08,1.7813667953553167e-08,2.988486226073514e-08,0.999999918845033,True
d02f2db4-f724-4c32-b186-c63f5a49f7cc___FAM_L.Blight 1593.JPG,Leaf_blight,Leaf_blight,3.289765556661363e-09,1.8138068072214776e-09,1.1714040139910406e-09,0.9999999937250237,True
d2fd27d9-bdca-4e65-8891-adfbef5b8f1d___FAM_L.Blight 4960.JPG,Leaf_blight,Leaf_blight,5.6592978070367e-10,8.522469397077553e-10,2.9198003597744134e-10,0.9999999982898432,True
d3d62bd0-f903-4774-82e8-f369346d402a___FAM_L.Blight 1557.JPG,Leaf_blight,Leaf_blight,6.502197572843403e-13,8.735507861221501e-13,2.917289787800145e-13,0.9999999999981845,True
d4c5388d-0347-4754-94ff-c54f9e3f4a49___FAM_L.Blight 1415.JPG,Leaf_blight,Leaf_blight,4.151588341329071e-14,2.6541537099049635e-14,1.3878329620971655e-14,0.9999999999999182,True
d5bcd270-8d64-4e39-b72e-0d43d4eb48d7___FAM_L.Blight 3766.JPG,Leaf_blight,Leaf_blight,2.5250559622554003e-11,2.920015051339099e-11,1.0101250718888903e-11,0.9999999999354481,True
dadd9301-137b-4845-a38b-bade89aef516___FAM_L.Blight 4953.JPG,Leaf_blight,Leaf_blight,1.3902660548627512e-07,1.0363148480913436e-07,4.856945788312136e-08,0.9999997087724517,True
dd675f69-4e2b-4d36-9aac-d0e3463cbc74___FAM_L.Blight 4736.JPG,Leaf_blight,Leaf_blight,2.776072473040775e-12,1.7600145362757542e-12,1.247494517032093e-12,0.9999999999942164,True
ddf56736-b01a-45bd-90d8-04c8713b6dbe___FAM_L.Blight 1389.JPG,Leaf_blight,Leaf_blight,1.1397096991618955e-08,6.937087486397391e-09,3.779244236165229e-09,0.9999999778865714,True
df3ee378-7fc4-4fec-99f9-5567dc7ff433___FAM_L.Blight 1605.JPG,Leaf_blight,Leaf_blight,7.678965826243689e-14,5.080011041993589e-14,2.6227312855933624e-14,0.9999999999998462,True
e6e1375d-9479-4f14-8803-53fd7f926a76___FAM_L.Blight 3785.JPG,Leaf_blight,Leaf_blight,4.7893930481030325e-11,2.239750398232097e-11,2.2407712723252342e-11,0.9999999999073009,True
e8015556-3831-4558-a250-00296a0e9995___FAM_L.Blight 4981.JPG,Leaf_blight,Leaf_blight,1.5162709498545738e-07,1.5204681863392267e-07,5.5413128586550545e-08,0.9999996409129578,True
e845e2f2-9ceb-4efc-a447-906efc13dedf___FAM_L.Blight 3771.JPG,Leaf_blight,Leaf_blight,4.338289440982689e-14,3.104300895918895e-14,2.1625861566299236e-14,0.9999999999999039,True
e8ad38c3-ba28-4ce8-b034-9205dd18ee00___FAM_L.Blight 1610.JPG,Leaf_blight,Leaf_blight,3.905780285298399e-14,7.26725013948873e-14,2.7167026377215717e-14,0.9999999999998611,True
e8ec7cf5-498b-42dc-b084-17d38d48edbe___FAM_L.Blight 4930.JPG,Leaf_blight,Leaf_blight,1.426033950910989e-07,7.930076849723347e-08,4.7813438119913005e-08,0.9999997302823982,True
e8efb1fe-9127-466c-b7b6-419b6894f3ac___FAM_L.Blight 1686.JPG,Leaf_blight,Leaf_blight,2.6926329440392673e-10,2.3657522848614277e-10,9.31909102652987e-11,0.9999999994009706,True
e9bb7f70-2d50-4500-b068-3ac1dfd15b62___FAM_L.Blight 4970.JPG,Leaf_blight,Leaf_blight,6.561393183621145e-07,4.860788259379659e-07,2.1860183759169e-07,0.9999986391800181,True
eaf528ce-a6aa-4a9d-ab54-ed27c30b4078___FAM_L.Blight 4903.JPG,Leaf_blight,Leaf_blight,0.004011742236359378,0.008978073606883186,3.4056633469548015e-06,0.9870067784934105,True
ec0d638f-53ff-44b6-bfeb-12d0188d46f3___FAM_L.Blight 4622.JPG,Leaf_blight,Leaf_blight,3.1562460774548853e-14,3.8850002000901264e-14,2.303570336794852e-14,0.9999999999999065,True
ecf52a0a-9f08-4a06-8718-844e61ba3628___FAM_L.Blight 1688.JPG,Leaf_blight,Leaf_blight,1.0233839725738559e-10,5.646597594333275e-11,3.437250075979496e-11,0.9999999998068232,True
eded00cb-201d-41e2-88ab-11562cfb8029___FAM_L.Blight 1388.JPG,Leaf_blight,Leaf_blight,1.1412021674129555e-11,9.136126844249258e-12,3.850444526301963e-12,0.9999999999756014,True
ee92d217-67ac-4064-a0e6-e4c84c887e4c___FAM_L.Blight 4727.JPG,Leaf_blight,Leaf_blight,4.2199802885773834e-14,3.048954447009952e-14,1.582990321583182e-14,0.9999999999999115,True
f1ae3b07-24a3-4e55-8947-494588047851___FAM_L.Blight 4692.JPG,Leaf_blight,Leaf_blight,4.083204882616555e-13,6.973974678118499e-13,2.389028010572659e-13,0.9999999999986553,True
f2337879-90af-4102-8885-64bff901c181___FAM_L.Blight 1379.JPG,Leaf_blight,Black_rot,0.8947450894494128,0.0006366833007698274,1.031152161004688e-05,0.10460791572820703,False
f3684071-c149-4b67-9b0c-6284cce6f7c4___FAM_L.Blight 1395.JPG,Leaf_blight,Leaf_blight,5.927677070107232e-11,9.68472115002611e-11,3.256696502267408e-11,0.999999999811309,True
f387a6d9-a75e-4730-b6bf-99e6440ac5e6___FAM_L.Blight 1694.JPG,Leaf_blight,Leaf_blight,5.703028839533184e-13,9.788785127163333e-13,3.3669411833679497e-13,0.9999999999981142,True
f636d153-3cbb-45e1-a691-40687e1bbe99___FAM_L.Blight 1630.JPG,Leaf_blight,Leaf_blight,1.5716557370693177e-09,2.1340644065239418e-09,7.060824237962686e-10,0.9999999955881974,True
f681ecc4-ed9e-459f-b192-75c3060fac2a___FAM_L.Blight 4986.JPG,Leaf_blight,Leaf_blight,5.577446766382867e-07,3.939428450326415e-07,1.859054313476931e-07,0.9999988624070469,True
f6f9087d-e3e0-4589-9235-e1920938a9f1___FAM_L.Blight 4836.JPG,Leaf_blight,Leaf_blight,8.679730834983502e-05,0.0016150729360616255,4.1191594915568526e-07,0.9982977178396394,True
f747c1ee-b157-4e64-a5e4-8f3ea2c7c6b5___FAM_L.Blight 4691.JPG,Leaf_blight,Leaf_blight,1.1585533369039063e-09,1.256597451222891e-09,4.501568810738753e-10,0.9999999971346923,True
f99fb4b7-78bc-4c3a-a76b-4b25dec56864___FAM_L.Blight 3647.JPG,Leaf_blight,Leaf_blight,1.213495903578369e-12,1.1621872820906944e-12,5.288552336191275e-13,0.9999999999970955,True
fa6d9052-fffa-4bb3-bfd8-902070e26ad7___FAM_L.Blight 4912.JPG,Leaf_blight,Leaf_blight,2.391280109295871e-10,2.6566112512553933e-10,9.302924332667393e-11,0.9999999994021816,True
fd09dd32-0978-49d8-b1d3-77ddd59f2e92___FAM_L.Blight 1547.JPG,Leaf_blight,Leaf_blight,6.191977212687051e-08,3.8026236906965116e-08,2.0490246156993966e-08,0.9999998795637448,True
