archivo,clase_real,clase_predicha,prob_Black_rot,prob_Esca,prob_Healthy,prob_Leaf_blight,correcto
003d09ef-e16c-4e8a-badf-847d46cb3dc0___FAM_B.Rot 3184.JPG,Black_rot,Black_rot,0.9979534902426037,0.0015724703113267396,0.00010523260356251773,0.0003688068425070867,True
00cab05d-e87b-4cf6-87d8-284f3ec99626___FAM_B.Rot 3244.JPG,Black_rot,Black_rot,0.9987365105540281,0.0003485214001193762,0.0002332339350186954,0.0006817341108337932,True
00cff577-afd4-4e36-ac9c-a52aa6ae5949___FAM_B.Rot 0508.JPG,Black_rot,Black_rot,0.9996229361203014,1.54367313756837e-05,0.0001157454441100154,0.0002458817042128335,True
02e135dd-a02e-40a5-a049-4b5fa978445c___FAM_B.Rot 3063.JPG,Black_rot,Black_rot,0.999122586428826,0.0003446334029198407,8.299143240446287e-05,0.0004497887358496508,True
045e07eb-5005-4943-90f2-bd62525b1076___FAM_B.Rot 3524.JPG,Black_rot,Black_rot,0.9998209146965175,2.0451009807692647e-05,3.501900049760909e-05,0.00012361529317729173,True
04af92d1-7da1-49a8-aba6-f7110b52a90f___FAM_B.Rot 3546.JPG,Black_rot,Black_rot,0.6830458641578369,0.31552654395113033,0.0006921539446887677,0.0007354379463440984,True
06334f9c-abb5-4ded-b731-3588a818ec85___FAM_B.Rot 3497.JPG,Black_rot,Black_rot,0.9998251247999406,1.1065598454385547e-05,4.9142985565551125e-05,0.00011466661603942745,True
08a7300a-1e67-4441-9521-9168d47cd665___FAM_B.Rot 3020.JPG,Black_rot,Black_rot,0.9920356721389033,0.0029747508720531796,0.00117482552036864,0.003814751468674686,True
0aff8add-93ad-4099-97ae-23515744e620___FAM_B.Rot 0748.JPG,Black_rot,Black_rot,0.998558171411893,0.0001818468123198215,0.0007863945632681014,0.0004735872125190315,True
0baabe1e-b188-4c55-8f61-0f484f90c73b___FAM_B.Rot 3532.JPG,Black_rot,Black_rot,0.9990100061510183,0.000783443448478219,0.0001364374760218478,7.011292448134896e-05,True
0bc6da94-2f94-4e4f-8858-b1a855dffbdf___FAM_B.Rot 3420.JPG,Black_rot,Black_rot,0.8947174482175337,0.10185785590103925,0.0024909499567703874,0.0009337459246565047,True
0cf5d61f-fb1a-4533-b0aa-f174d2acdc82___FAM_B.Rot 0721.JPG,Black_rot,Black_rot,0.9997033188422164,7.1710059808216e-05,5.8107858933719924e-05,0.0001668632390416425,True
0d2c5ad5-1a2d-44f9-9be5-1aef9a51fb95___FAM_B.Rot 3469.JPG,Black_rot,Black_rot,0.9992300131828906,7.189380502652345e-05,8.599654472132696e-05,0.0006120964673616437,True
0d907173-6ef8-4fbd-b682-f0a7a5263de0___FAM_B.Rot 3298.JPG,Black_rot,Black_rot,0.9972481569606019,6.978701215055575e-05,0.001943420056104206,0.0007386359711431385,True
0e143d33-adc0-41af-92e2-d0bb712d7b72___FAM_B.Rot 5047.JPG,Black_rot,Black_rot,0.9997062934263969,0.00014589827439240348,6.048087006049432e-05,8.732742915008064e-05,True
0ff1ecfd-d94e-4459-b74e-47b82900a0aa___FAM_B.Rot 0329.JPG,Black_rot,Black_rot,0.9981688307627653,0.0005494808786188123,0.00025159069381625087,0.001030097664799587,True
1056d6dd-766a-4d2a-8f07-901eb402fa2a___FAM_B.Rot 0539.JPG,Black_rot,Black_rot,0.9992818877620967,2.9478486458538004e-05,0.00040057916989735793,0.00028805458154742474,True
127b3861-2889-4bc6-93a6-60ec07c77612___FAM_B.Rot 3615.JPG,Black_rot,Black_rot,0.9987442038087383,2.075847498589526e-05,0.0006465612396538011,0.000588476476622115,True
141056ca-ab0e-48b7-9495-7b193ccfccb7___FAM_B.Rot 3585.JPG,Black_rot,Black_rot,0.9996739406891679,0.00012798177895088128,5.7413704400352535e-05,0.00014066382748065945,True
150f2f38-a17a-4d8b-9ba2-406c8d2e7b8a___FAM_B.Rot 3119.JPG,Black_rot,Black_rot,0.9988663485178388,0.0007844477998956088,8.47976402260347e-05,0.0002644060420394392,True
15970ab4-a9f2-4420-966b-38a0cad8f1dc___FAM_B.Rot 3606.JPG,Black_rot,Black_rot,0.9996463295955805,6.371836504663615e-06,8.826125857915084e-05,0.0002590373093356133,True
15a4e7ad-b75d-433a-8bb8-097ab86a71fb___FAM_B.Rot 0515.JPG,Black_rot,Black_rot,0.9737844699793328,0.0034505214696611917,0.021181028437914366,0.001583980113091608,True
18e68e49-97d7-469e-b86f-eb8814aad525___FAM_B.Rot 3328.JPG,Black_rot,Black_rot,0.998716363301156,0.0010766112585958822,0.00015291920391782973,5.410623633042819e-05,True
19fb3c5f-8c99-40da-96b0-4b66e0f87f04___FAM_B.Rot 3072.JPG,Black_rot,Black_rot,0.997227254692526,0.0004417463669470754,0.001023047020129444,0.001307951920397581,True
1a6aabd0-7ca8-4074-a457-5a8f3662a7d7___FAM_B.Rot 3539.JPG,Black_rot,Black_rot,0.9997089842025777,2.4551727057297263e-06,0.00016186007652256866,0.00012670054819439923,True
1b89066d-0c1a-4e7a-85de-361639737137___FAM_B.Rot 0657.JPG,Black_rot,Black_rot,0.9995302208240708,0.0001320169101836499,5.999047983255625e-05,0.00027777178591327224,True
1cf4f8fe-a820-4f3d-b69b-795e57e03a65___FAM_B.Rot 3438.JPG,Black_rot,Black_rot,0.9992280497512479,0.0001927780128624086,6.200499395435866e-05,0.0005171672419352804,True
1e24a20d-3dbf-42fe-b3ee-0a1281a92159___FAM_B.Rot 0636.JPG,Black_rot,Black_rot,0.9989370887376487,0.0008686703137509618,3.0861119210993434e-05,0.0001633798293891891,True
1f3c15b8-5d36-4238-a6d3-f5a23ad8865c___FAM_B.Rot 3514.JPG,Black_rot,Black_rot,0.9992941421286228,3.115641673272276e-05,0.00017528681022346626,0.0004994146444209488,True
1f65cd54-490a-49a4-909c-a648ea5bc8ed___FAM_B.Rot 0498.JPG,Black_rot,Black_rot,0.994213438860777,0.005079578395237925,6.791646093899065e-05,0.000639066283046156,True
1f9c1d18-b444-4f1f-befb-483955c9ff9d___FAM_B.Rot 0572.JPG,Black_rot,Black_rot,0.999248650635736,8.251168509213748e-07,0.00045492538314640925,0.000295598864266591,True
20116670-5108-4cd0-a941-b51046151c43___FAM_B.Rot 3551.JPG,Black_rot,Black_rot,0.9963773228003757,0.0018102266143059174,0.00012879305638888297,0.0016836575289292527,True
237405e4-4ba2-486f-b29f-ceed2a217a90___FAM_B.Rot 3225.JPG,Black_rot,Black_rot,0.9994976149948814,0.00015655541287383723,5.889373630505557e-05,0.00028693585593957165,True
23b27c33-a960-4f91-9160-045f3471ff7b___FAM_B.Rot 0430.JPG,Black_rot,Black_rot,0.9996868878488961,2.7362111280947414e-06,8.852987039425796e-05,0.00022184606958174102,True
2588912e-39a8-40d7-a22c-a4cfdd4d09f5___FAM_B.Rot 3388.JPG,Black_rot,Black_rot,0.9993660298395547,0.00034375280987098024,6.812080263809046e-05,0.000222096547936315,True
26164e5c-d4d9-469c-a182-e43a7acf843e___FAM_B.Rot 3053.JPG,Black_rot,Black_rot,0.9996659493917738,1.2266366772113903e-05,0.00011719529318548437,0.00020458894826858048,True
288b8171-727a-49c5-ac1a-bda4698a284f___FAM_B.Rot 3580.JPG,Black_rot,Black_rot,0.9995914736395939,3.8085054064377953e-06,6.414012746480898e-05,0.00034057772753485685,True
28e1d198-a1d1-4a3a-90e9-91b783c4c40a___FAM_B.Rot 3061.JPG,Black_rot,Black_rot,0.9994661741639221,7.98580656363264e-06,0.0001790015124332145,0.00034683851708084453,True
2937853b-b9b5-4bb1-8dcc-913403781965___FAM_B.Rot 3565.JPG,Black_rot,Black_rot,0.841947093997088,0.15709830582762158,0.00016518725338018046,0.000789412921910161,True
2967ce16-10d0-4a61-90af-4d5092c1538e___FAM_B.Rot 3054.JPG,Black_rot,Black_rot,0.9996195707837642,2.5903441761486214e-06,0.00013407385068603628,0.00024376502137361897,True
2a23e141-e983-44b0-8898-5c65edf9d44e___FAM_B.Rot 0604.JPG,Black_rot,Black_rot,0.994121631050156,0.0015372334430181934,0.003489747623334119,0.0008513878834915599,True
2aca8f4c-4538-459d-8b6e-c84dfa0baa58___FAM_B.Rot 3247.JPG,Black_rot,Black_rot,0.9996654261016402,6.731175544808834e-05,0.00020442385630026444,6.283828661130913e-05,True
2b65c0c7-ceaa-4e42-9bf7-8df56e73e992___FAM_B.Rot 0582.JPG,Black_rot,Black_rot,0.9997576243091677,1.2698291243831633e-06,0.0001512769086287538,8.982895307926096e-05,True
2d362d18-4de1-4c49-8655-31d553305865___FAM_B.Rot 3485.JPG,Black_rot,Black_rot,0.999671475649937,1.4288090442235713e-05,0.0001684477270960873,0.0001457885325249287,True
2d9c7e4e-a960-4de9-b606-d36c01b89778___FAM_B.Rot 0707.JPG,Black_rot,Black_rot,0.9980037759455294,0.001410901509115155,0.000250301590363565,0.0003350209549920271,True
308370b6-de46-4127-ad4e-ccbc67725881___FAM_B.Rot 3230.JPG,Black_rot,Black_rot,0.9998015681402012,1.516439584848644e-05,7.665772162367512e-05,0.00010660974232673403,True
30a4f61a-34ef-4293-87bf-37b0b338c449___FAM_B.Rot 3121.JPG,Black_rot,Black_rot,0.9985376731336181,0.001088134792111548,0.00019936261732641676,0.00017482945694401912,True
314a8a7e-9409-4e3c-9be4-e00156db4d19___FAM_B.Rot 3542.JPG,Black_rot,Black_rot,0.9997408544096197,1.3140688125545205e-06,0.00011419359685732846,0.00014363792471040808,True
314f0d89-f61c-4076-8584-85f51fdcfb06___FAM_B.Rot 3566.JPG,Black_rot,Black_rot,0.9642912723537619,0.03486903273121383,9.400610040749809e-05,0.0007456888146168043,True
32ccb28a-15a7-4358-8806-a052914b00e0___FAM_B.Rot 0523.JPG,Black_rot,Black_rot,0.9995085183361427,7.575411322124779e-05,0.00016052305136906117,0.0002552044992669105,True
33a6b4b5-8cc8-4533-b831-eb40c4ec61f9___FAM_B.Rot 3188.JPG,Black_rot,Black_rot,0.9993388793123157,0.00017479517558605424,0.00015392527502992683,0.00033240023706818686,True
33f329ff-48f1-4c8d-b88c-2fcf9e2a94f7___FAM_B.Rot 3037.JPG,Black_rot,Black_rot,0.999583014456609,5.792800802774829e-05,8.581823802079918e-05,0.0002732392973424074,True
351a2629-8312-47fe-be70-2cd33d7548b5___FAM_B.Rot 3390.JPG,Black_rot,Black_rot,0.99981254488328,2.077481009070066e-05,0.00011921493874683648,4.746536788234575e-05,True
3588f6c1-e117-4f85-b9e5-b2082d6dcf52___FAM_B.Rot 3419.JPG,Black_rot,Black_rot,0.9981517136723038,0.0011102855716050492,0.00043344264783302694,0.0003045581082584324,True
37556529-d885-49b1-a6dd-7250fdc34592___FAM_B.Rot 3618.JPG,Black_rot,Black_rot,0.9995797121800755,2.9659633058562633e-06,0.0001516824294281486,0.000265639427190533,True
39022631-41f4-4d41-af30-f025f581ff7d___FAM_B.Rot 3285.JPG,Black_rot,Black_rot,0.9995478705674529,7.347443365568843e-05,0.0001451122903866289,0.0002335427085047657,True
39c4aca9-1462-49be-aebe-75dc63cc6ef3___FAM_B.Rot 0355.JPG,Black_rot,Black_rot,0.99962663140742,8.955764796617263e-06,0.0002338332297026046,0.00013057959808077983,True
39f49e8a-cd72-45bd-bcf5-a25f472fa6ac___FAM_B.Rot 0512.JPG,Black_rot,Black_rot,0.9883726775019939,0.002233152657213778,0.008087537675644902,0.0013066321651475493,True
3a101308-a8fc-4890-9dc9-48ae5a443790___FAM_B.Rot 0362.JPG,Black_rot,Black_rot,0.9997281175122257,2.3128805461984694e-06,9.629189384891696e-05,0.00017327771337941576,True
3a4dd05d-a912-4c16-a679-f00028a0d7b6___FAM_B.Rot 5011.JPG,Black_rot,Black_rot,0.9950541037313971,0.004521137336608423,0.00015794980760958308,0.0002668091243847619,True
3b54fead-5d85-40bc-a047-60815cde275e___FAM_B.Rot 5015.JPG,Black_rot,Black_rot,0.9997768610930665,1.8733135187075942e-05,7.063343710037557e-05,0.00013377233464598762,True
3f95e811-027a-4e6b-ab46-7dd5dd4dd2fd___FAM_B.Rot 0758.JPG,Black_rot,Black_rot,0.9996443067835545,1.017965495052029e-05,0.0001808913155040534,0.0001646222459907806,True
3ff156cc-1dca-4adb-9a14-ea922e0cd9d4___FAM_B.Rot 0745.JPG,Black_rot,Black_rot,0.9992867999855515,0.00017549058519087432,0.00019313521350628447,0.000344574215751504,True
41683bde-b97c-487c-b342-ed4cf21d129e___FAM_B.Rot 3017.JPG,Black_rot,Black_rot,0.9845103991168065,0.005816867944513805,0.0012598215002650836,0.00841291143841464,True
47590c82-1467-4008-a9a0-27d9f12bada5___FAM_B.Rot 0594.JPG,Black_rot,Black_rot,0.999725019834998,0.00011948986980667002,6.669346913552765e-05,8.879682605990691e-05,True
485c3608-0e75-4c55-acae-65b5c778f6d1___FAM_B.Rot 0333.JPG,Black_rot,Black_rot,0.9976712305733889,3.643605554222863e-05,0.001997210680035856,0.00029512269103302885,True
49133104-ac26-4ee4-ae4f-5901eff03cfb___FAM_B.Rot 0586.JPG,Black_rot,Black_rot,0.9988941760314235,4.4264431880980084e-05,0.00023287917518654278,0.0008286803615091128,True
4a73015b-dbd0-417f-98b3-2016561c9bae___FAM_B.Rot 3577.JPG,Black_rot,Black_rot,0.9950535291434935,0.00012584810737157172,0.004140152413008008,0.0006804703361269991,True
4b052d59-caee-4a85-9ebb-27bf987e54b6___FAM_B.Rot 3016.JPG,Black_rot,Black_rot,0.9981970780009538,0.000780713233552849,0.0005253527945368679,0.000496855970956409,True
4b58bd4b-a23c-4677-b52e-5301a120c981___FAM_B.Rot 3150.JPG,Black_rot,Black_rot,0.9396867252126899,0.048206353124593614,0.0007803916073261597,0.011326530055390204,True
4c2cf28e-6bec-4105-bdaf-b36fb046ab3e___FAM_B.Rot 3024.JPG,Black_rot,Black_rot,0.999809409338171,4.14802564527675e-06,9.155328082279228e-05,9.488935536095168e-05,True
4c6fe690-8921-42ea-ab54-06bcc21de388___FAM_B.Rot 0505.JPG,Black_rot,Black_rot,0.9997915127323351,2.862572134300073e-06,9.552760500557657e-05,0.000110097090525093,True
4d7a3011-3007-4854-8d1a-12bb807073db___FAM_B.Rot 3283.JPG,Black_rot,Black_rot,0.9998424027635241,3.5579846320591816e-06,5.363711696193707e-05,0.00010040213488204617,True
4e15bb20-cd99-4a38-b9e8-4a5bd97d8f07___FAM_B.Rot 0719.JPG,Black_rot,Black_rot,0.9979252598588035,0.001523423121722306,0.00011741179304955748,0.00043390522642466266,True
4e9dc57c-9d1e-4e31-bb7e-a744a67d98ed___FAM_B.Rot 3263.JPG,Black_rot,Black_rot,0.9998220598975033,1.106529138066139e-05,5.33253796119239e-05,0.00011354943150414437,True
4f2e0b9d-ad36-4b62-a475-66f13ce3320b___FAM_B.Rot 0492.JPG,Black_rot,Black_rot,0.999481874719124,4.051589291524046e-05,0.0003002912757208183,0.0001773181122401269,True
515986ac-032f-479a-a71b-085e2e1d61c7___FAM_B.Rot 3404.JPG,Black_rot,Black_rot,0.9995824954799796,1.911324741825158e-05,0.00010235375482908246,0.00029603751777310886,True
51beded3-3dc0-4f1f-a6b9-45c74612b9a1___FAM_B.Rot 3005.JPG,Black_rot,Black_rot,0.8390761726223878,0.11835148521424009,0.003950505332004954,0.03862183683136735,True
56fe18c8-e9bf-43ce-b7b8-960400a4555d___FAM_B.Rot 5092.JPG,Black_rot,Black_rot,0.9994942642408298,0.00013332588262878747,6.594242755286868e-05,0.0003064674489884619,True
590a10cc-dab5-4294-93ae-2c6ee606f9b7___FAM_B.Rot 3288.JPG,Black_rot,Black_rot,0.999812576464067,5.652483524751286e-05,4.013810814007302e-05,9.076059254538962e-05,True
5982e6f4-421b-41ff-a557-a5f91848695b___FAM_B.Rot 3301.JPG,Black_rot,Black_rot,0.9980585741265304,0.00020099221871176776,0.0011936147887386358,0.0005468188660194728,True
59c05cb2-313c-41ac-a9bf-d7469bfa3199___FAM_B.Rot 0375.JPG,Black_rot,Black_rot,0.9997071926188218,1.40571321273653e-05,7.021338990812693e-05,0.00020853685914293724,True
5c74cb8c-adfa-4221-bbb9-bdc15edebadc___FAM_B.Rot 3086.JPG,Black_rot,Black_rot,0.9990781809876152,5.602033500873463e-05,7.959596886260878e-05,0.0007862027085133898,True
5ce9d6df-162c-4488-9b80-eadfcbd1d02c___FAM_B.Rot 0563.JPG,Black_rot,Black_rot,0.9996198756800959,4.6010470099446605e-06,0.00021220787999187102,0.00016331539290214604,True
5ffd7e9b-c750-4e10-8046-51d0c866fc8e___FAM_B.Rot 3562.JPG,Black_rot,Black_rot,0.9937092964833598,0.005522662728550753,7.789718390546206e-05,0.0006901436041839815,True
613cac81-8048-40f7-892f-bb2e496cd7ea___FAM_B.Rot 0620.JPG,Black_rot,Black_rot,0.9408718521754185,0.005542451026664185,0.04206994420494519,0.011515752592972175,True
615114a7-bd90-46f4-a2fe-fb4021bbf4d1___FAM_B.Rot 3227.JPG,Black_rot,Black_rot,0.9928907686975297,0.0015321421906890895,0.0007024580459764448,0.004874631065804436,True
61a3d458-6b32-4191-ab56-75ead7362294___FAM_B.Rot 3473.JPG,Black_rot,Black_rot,0.9994248294671476,0.0003039552373260301,7.207825558790827e-05,0.00019913703993846736,True
61fff4d4-7012-4171-bfed-5ca53f55abdb___FAM_B.Rot 0352.JPG,Black_rot,Black_rot,0.9998070711968986,3.7954304943014992e-06,5.29929165395406e-05,0.0001361404560677996,True
622a1243-a2f2-4888-aed6-0eb3186b6e7e___FAM_B.Rot 3603.JPG,Black_rot,Black_rot,0.9992118309219503,0.0004116699569942071,4.971653532082675e-05,0.0003267825857348328,True
636b8472-ce10-4889-a68f-c71d407768e6___FAM_B.Rot 3573.JPG,Black_rot,Black_rot,0.9952524456303511,0.004202107202130666,5.1373655974228974e-05,0.0004940735115440495,True
637315db-ce84-425a-b2d3-4284e8a8e3c5___FAM_B.Rot 0347.JPG,Black_rot,Black_rot,0.9994658515419351,0.00010302217593541774,9.24950925627241e-05,0.00033863118956669117,True
639728f8-1d6b-4f6f-860c-2c48653eb564___FAM_B.Rot 3547.JPG,Black_rot,Black_rot,0.9959046536870105,0.003175732940106783,0.0006208883780590884,0.0002987249948233556,True
63e24d93-6779-49b5-b0d0-d793cd68943b___FAM_B.Rot 3436.JPG,Black_rot,Black_rot,0.9991663814868723,0.00022459788812202928,6.0982503983591805e-05,0.0005480381210217863,True
65fb7d1a-293a-4580-ab2b-405a1a9dfe1a___FAM_B.Rot 0733.JPG,Black_rot,Black_rot,0.9984504666974134,0.0006560295401811832,0.0003947690910574941,0.0004987346713477541,True
669168c0-ff03-4708-a10a-153d5cd1e10f___FAM_B.Rot 3481.JPG,Black_rot,Black_rot,0.9958008793353921,0.003665896205071902,0.00011796827845512634,0.000415256181080887,True
674d1b13-c042-4b8d-8df3-406ba1ea6c9f___FAM_B.Rot 0736.JPG,Black_rot,Black_rot,0.9979301554123242,5.3001037487503454e-05,0.0015030859740150027,0.0005137575761733841,True
6813e6bf-0878-4e6b-85a2-24e2a7c563d0___FAM_B.Rot 3385.JPG,Black_rot,Black_rot,0.8959895777222406,0.10359237472304939,0.00015810945203876945,0.0002599381026711667,True
690624b3-100d-4a73-b824-9b55886cd6fe___FAM_B.Rot 3104.JPG,Black_rot,Black_rot,0.9990730003650284,3.780740602417474e-05,0.00022101687349994738,0.000668175355447519,True
6a292305-78bc-4000-ad62-857b4261fec5___FAM_B.Rot 5090.JPG,Black_rot,Black_rot,0.9998122108753045,2.2338475571122506e-05,4.515812105114325e-05,0.00012029252807322014,True
6acf2de1-9910-489e-b856-95bc36d5e37d___FAM_B.Rot 0754.JPG,Black_rot,Black_rot,0.9995985725170048,1.706277511110037e-05,0.0001613034518101136,0.00022306125607402964,True
6b3a82f8-61f3-4060-aa07-ff552894ef35___FAM_B.Rot 3440.JPG,Black_rot,Black_rot,0.9993911356650422,0.0002527853707360999,8.356743909301623e-05,0.00027251152512875685,True
6c466f8c-fb76-4ae4-90fa-5763875c477e___FAM_B.Rot 3354.JPG,Black_rot,Black_rot,0.9993221473695604,0.0003253815274984933,7.498805535926242e-05,0.0002774830475816653,True
6cd047c1-d4c4-4215-8e8a-d81c7f5a3669___FAM_B.Rot 0408.JPG,Black_rot,Black_rot,0.9989928506704958,0.0005139462302031226,5.042153176059605e-05,0.0004427815675405622,True
6d74c9ed-be59-4d6b-a01d-e25eaa2bd156___FAM_B.Rot 5030.JPG,Black_rot,Black_rot,0.999474346743269,0.00022585158036877987,9.799440970863538e-05,0.00020180726665358184,True
6dc433e2-eb64-4e1d-8a79-12c568f88ff4___FAM_B.Rot 0384.JPG,Black_rot,Black_rot,0.9935013318210754,0.005688966386950764,0.00010814602625448347,0.0007015557657191294,True
6e894a5f-a531-47b6-8aae-cea0471d3442___FAM_B.Rot 3282.JPG,Black_rot,Black_rot,0.9996181079544639,2.1627529021469184e-05,0.00013666652719093077,0.00022359798932369485,True
6f47e933-57e2-4361-8dc2-1f85f7c231dc___FAM_B.Rot 3415.JPG,Black_rot,Black_rot,0.9317606099482262,0.0676606443168854,9.256049527222007e-05,0.0004861852396164353,True
727be1bc-7ae8-474a-9062-95d7682663c5___FAM_B.Rot 3462.JPG,Black_rot,Black_rot,0.9998160286367017,1.4750175665816524e-05,6.837902016503505e-05,0.00010084216746754186,True
76792775-239d-479b-8ff7-828b5ce8bb36___FAM_B.Rot 0339.JPG,Black_rot,Black_rot,0.9992211111565159,1.2817242440105204e-05,0.00016524613748732808,0.0006008254635564627,True
78428025-b8be-4035-b358-92dd99fb0d04___FAM_B.Rot 0476.JPG,Black_rot,Black_rot,0.999672503487549,1.4593303225012756e-06,0.00013321928230497653,0.00019281789982368406,True
7a587206-10d9-4f16-9398-8e97a41d44ec___FAM_B.Rot 0349.JPG,Black_rot,Black_rot,0.9994270733936084,0.00014137657321283692,0.0001782935984686988,0.0002532564347102661,True
7a7e0600-62cb-4cf2-95e1-9e69489b3470___FAM_B.Rot 3393.JPG,Black_rot,Black_rot,0.9997928197272083,6.689718421557415e-06,0.00013342132641787062,6.70692279522781e-05,True
7ad894ca-3f99-48ea-9470-fb98a41d8b67___FAM_B.Rot 0327.JPG,Black_rot,Black_rot,0.9708226695342941,0.014832476210322583,0.013177677850773005,0.0011671764046102746,True
7afbee91-43f6-444f-a26d-9bcd9219b72b___FAM_B.Rot 3563.JPG,Black_rot,Black_rot,0.9610629064232256,0.03737458354019194,0.00015498765135217335,0.0014075223852302295,True
7b4a3140-6a68-43ee-b782-bf51970e6c1d___FAM_B.Rot 3250.JPG,Black_rot,Black_rot,0.9996564073890934,0.00014766264020010016,8.100107462092194e-05,0.00011492889608567767,True
7b6831ec-c21f-4b02-8f83-7c08a9eab2ff___FAM_B.Rot 3523.JPG,Black_rot,Black_rot,0.9996099036908335,0.00020001881259521445,3.6361634746234435e-05,0.00015371586182500704,True
7b68f373-bb42-4477-86f6-5c69768180bc___FAM_B.Rot 3538.JPG,Black_rot,Black_rot,0.998401844333176,0.0013808253736965527,9.95012614351734e-05,0.00011782903169230792,True
7c074ced-f3b9-4fcb-81ae-7fea89fe30ca___FAM_B.Rot 0448.JPG,Black_rot,Black_rot,0.9994512128289209,2.1504334859975943e-06,0.0002930404780867154,0.0002535962595064322,True
7e623a79-a7da-48b1-afeb-09e9962d2813___FAM_B.Rot 0365.JPG,Black_rot,Black_rot,0.9995008940016294,7.920778244587986e-06,0.000131641712077739,0.000359543508048313,True
7ea77255-d587-474e-a4ab-f25e78c41fa0___FAM_B.Rot 3468.JPG,Black_rot,Black_rot,0.9960105099716233,0.001580169637877286,0.00013009089760370268,0.0022792294928957947,True
7fbb0b77-ca88-47ce-ad8e-83923e8e816c___FAM_B.Rot 0385.JPG,Black_rot,Black_rot,0.997995223621793,0.0011006130657666108,0.0001578855986120955,0.0007462777138280224,True
82557506-a1bd-48eb-af05-af9271673fd2___FAM_B.Rot 3480.JPG,Black_rot,Black_rot,0.9839717048840196,0.015583904996590313,9.966986206114045e-05,0.00034472025732878926,True
83583a39-fa21-4c4c-af8e-df675210eb91___FAM_B.Rot 3560.JPG,Black_rot,Black_rot,0.9995734302579954,0.00010473352463959989,8.973719050418063e-05,0.00023209902686083426,True
83b866ce-0785-4312-8e43-1ae8aa59d3bd___FAM_B.Rot 3518.JPG,Black_rot,Black_rot,0.9972095393294382,0.0011572207060057446,0.00014323556411219244,0.001490004400444026,True
84d48be8-eb1e-4c4f-96bc-527cbacb6334___FAM_B.Rot 3360.JPG,Black_rot,Black_rot,0.9998052483537836,1.6940480011277515e-05,5.1255494659516415e-05,0.0001265556715455939,True
8557739e-484e-42dc-871e-f4373b361024___FAM_B.Rot 0690.JPG,Black_rot,Black_rot,0.9973027362098049,0.00028256830010773724,0.0020261899566092726,0.0003885055334780903,True
85604599-9409-4a23-99ee-b08e778a11c2___FAM_B.Rot 3395.JPG,Black_rot,Black_rot,0.9995973661975545,0.00019224842590305624,9.49150264826217e-05,0.0001154703500596885,True
882ad038-3d79-491d-b9f4-dc3357e5b34e___FAM_B.Rot 0602.JPG,Black_rot,Black_rot,0.9997364397329542,6.21203604309936e-05,7.956575497707425e-05,0.00012187415163797084,True
8bd61999-0165-466a-aaf7-dd9e75885f50___FAM_B.Rot 3586.JPG,Black_rot,Black_rot,0.9997970933755613,1.5105582991891066e-05,6.243018207069581e-05,0.0001253708593761726,True
8e972621-5e05-4b55-a371-80c1db805fff___FAM_B.Rot 0402.JPG,Black_rot,Black_rot,0.9948070064543426,0.004339484986571059,6.36134326074664e-05,0.0007898951264790056,True
8f9dcda2-c2cc-4c34-8032-2dfa5c74bd17___FAM_B.Rot 0744.JPG,Black_rot,Black_rot,0.9964704336931518,0.0028734163681269115,0.00010348668487633688,0.0005526632538448427,True
8fc8f799-0c6f-4b34-af68-3a8d89f1a49f___FAM_B.Rot 0710.JPG,Black_rot,Black_rot,0.9997168057273133,1.3042098845284005e-05,0.00011202981627827937,0.00015812235756322313,True
9142e7d3-183b-4c3f-a255-5fff2e6c208a___FAM_B.Rot 0382.JPG,Black_rot,Black_rot,0.9991430996787745,4.996294006295603e-06,0.00023815177252124687,0.0006137522546980075,True
916a177a-421c-4db0-9cff-22583bf4fbf7___FAM_B.Rot 3224.JPG,Black_rot,Black_rot,0.9996506584796517,0.00017058482090230167,6.261381554357719e-05,0.00011614288390248986,True
91bc5e98-a8c6-4307-9c1b-28f02d9514b8___FAM_B.Rot 0596.JPG,Black_rot,Black_rot,0.9992928175488366,0.0001303391623504212,0.00030838400792934916,0.00026845928088388074,True
926d12b2-ca2a-47c1-bf78-dab6e7826069___FAM_B.Rot 3239.JPG,Black_rot,Black_rot,0.9993134052504653,0.0005064702222628675,0.00013387614161273172,4.624838565901544e-05,True
9337b973-61c3-48bc-9c57-e506856df46d___FAM_B.Rot 3361.JPG,Black_rot,Black_rot,0.9996819514547507,3.205091952835545e-05,0.00012522825938674116,0.00016076936633435283,True
967a897e-f058-4f33-bb28-fcc57206eb4f___FAM_B.Rot 0484.JPG,Black_rot,Black_rot,0.9996858091956541,2.4315292576630045e-06,0.00010688253335913055,0.00020487674172903339,True
974b2e6d-631b-4eb7-afe2-52d527d1618c___FAM_B.Rot 0670.JPG,Black_rot,Black_rot,0.9964852724335805,0.002838101321414858,6.69559179192058e-05,0.0006096703270855441,True
98f4ba39-5593-47ae-ad38-9d0dfb8da853___FAM_B.Rot 3430.JPG,Black_rot,Black_rot,0.9972963403025277,0.002231983706927439,0.0001416688347946565,0.00033000715575023053,True
9a65f651-1b87-4580-b00e-41fe31f950f4___FAM_B.Rot 5055.JPG,Black_rot,Black_rot,0.9997734984282975,9.706110370447423e-06,9.374379002793995e-05,0.00012305167130404013,True
9eb19238-5388-4e56-88a0-8351da034735___FAM_B.Rot 0545.JPG,Black_rot,Black_rot,0.9996382740451318,3.922440751420697e-06,0.0002136188712803801,0.000144184642836371,True
9fa2219a-57c9-4938-9221-0365a180397d___FAM_B.Rot 0751.JPG,Black_rot,Black_rot,0.9994760454615588,4.561307153680055e-05,0.0002498191404246267,0.00022852232647986676,True
a11136cd-a221-495a-b8ea-8d85375935cb___FAM_B.Rot 5105.JPG,Black_rot,Black_rot,0.9997270671436641,1.4061127218761235e-05,0.00010465712219675843,0.00015421460692046285,True
a22f6001-3214-4e63-8527-eb1b0035d226___FAM_B.Rot 3460.JPG,Black_rot,Black_rot,0.9998226547510133,2.679834567098857e-06,6.384026476537644e-05,0.00011082514965421164,True
a2718fdc-806f-4a37-a4f6-8bb90bcb3dea___FAM_B.Rot 0683.JPG,Black_rot,Black_rot,0.9989777102203251,0.0006105582854001913,0.00017186737614842797,0.00023986411812622525,True
a2900ade-54bd-43db-a003-7c468d9b0a1e___FAM_B.Rot 0489.JPG,Black_rot,Black_rot,0.9619122661197347,0.036623955008663105,0.00033439570309337695,0.0011293831685090176,True
a30c651a-ef6a-4c84-9fc8-b79663d71a9a___FAM_B.Rot 0589.JPG,Black_rot,Black_rot,0.9970293363298106,0.0002056985685379754,0.0004717812264131617,0.002293183875238447,True
a376b8ce-9cff-442f-a3b6-71e74a097876___FAM_B.Rot 0528.JPG,Black_rot,Black_rot,0.9992352246553304,3.2573625397081644e-05,0.0004826982056047215,0.00024950351366777285,True
a3bcb66a-36e5-4c73-801a-4e1013c30058___FAM_B.Rot 3219.JPG,Black_rot,Black_rot,0.9997497233495031,6.4559944384608e-05,9.056444810918101e-05,9.515225800285949e-05,True
a6195b76-5823-430b-a07e-870a2f8ac6b2___FAM_B.Rot 5009.JPG,Black_rot,Black_rot,0.999598130234557,2.8886078024870755e-05,0.00010312947811150347,0.0002698542093065083,True
a71b79c9-e226-4e66-b83a-8846f6239f44___FAM_B.Rot 0698.JPG,Black_rot,Black_rot,0.9993711859394069,0.0002607239054705778,5.493545919893508e-05,0.0003131546959236905,True
a7274e97-1a7e-4446-a127-7f0f3f961bd5___FAM_B.Rot 3248.JPG,Black_rot,Black_rot,0.9996099670949271,0.0002424662717959518,0.00011096325593902392,3.6603377337983866e-05,True
a878bcb3-65e4-44ee-88bf-b2a8be8cc360___FAM_B.Rot 3199.JPG,Black_rot,Black_rot,0.9988487585901096,0.0007513053083016266,4.71240322153398e-05,0.00035281206937363545,True
a919f188-f2ef-4e7a-88f7-236491cd4ba8___FAM_B.Rot 3500.JPG,Black_rot,Black_rot,0.9996833575799767,7.089925479691253e-06,5.315291576261691e-05,0.00025639957878107513,True
a91b8702-6001-4dc7-afff-8f0181fc984e___FAM_B.Rot 0412.JPG,Black_rot,Black_rot,0.9969499671739915,0.0003115162009956105,0.0021911006060917077,0.0005474160189212352,True
a935ac99-f72a-4111-bb0c-74ced5e33402___FAM_B.Rot 0381.JPG,Black_rot,Black_rot,0.9992422257264725,5.1253139584414455e-06,0.00022097313646571648,0.000531675823103305,True
aa600fb5-718b-443a-b959-21d13c97a5c2___FAM_B.Rot 0686.JPG,Black_rot,Black_rot,0.9896630228868123,0.008630555675335645,0.0008957010442661707,0.0008107203935856687,True
ad5918ba-cd64-4a4e-aaab-f5d647e9a63f___FAM_B.Rot 3366.JPG,Black_rot,Black_rot,0.9961229922430005,0.0004322192966031957,0.0001345829754694537,0.003310205484926824,True
aebd67f2-eeb7-4330-8690-5cc18772e344___FAM_B.Rot 0737.JPG,Black_rot,Black_rot,0.9987134781831009,0.0008016432311694183,0.00012647084499575,0.00035840774073399995,True
afa86601-30e0-4a13-8812-db5ca9760afa___FAM_B.Rot 3159.JPG,Black_rot,Black_rot,0.9995997967817516,6.3451781057632465e-06,9.724781445313922e-05,0.0002966102256895403,True
b05b2685-6ef2-48b3-b52c-8c006866b30d___FAM_B.Rot 0480.JPG,Black_rot,Black_rot,0.9969492230628537,8.13788056790136e-05,0.002632633813574009,0.000336764317893191,True
b097ed98-241d-43c9-9bd9-1501bbf7a311___FAM_B.Rot 0679.JPG,Black_rot,Black_rot,0.9991066837550493,0.00037557626831029203,8.532419585483307e-05,0.0004324157807858505,True
b15f50bc-64db-428b-a65c-786befec714e___FAM_B.Rot 0369.JPG,Black_rot,Black_rot,0.9982982313831681,7.298054587264145e-05,0.0004909633879909667,0.0011378246829681457,True
b7df7350-df6a-4c70-8f77-21bc218442c9___FAM_B.Rot 3200.JPG,Black_rot,Black_rot,0.9997574256555988,1.5173729153011617e-05,8.576340755405658e-05,0.000141637207694186,True
b88e508b-a46e-47fe-96b1-050985624390___FAM_B.Rot 3522.JPG,Black_rot,Black_rot,0.9991939210774262,1.2166816217153119e-05,0.000381391778259187,0.00041252032809735884,True
b8abc779-4fac-4e5f-abb6-f46d0866f9eb___FAM_B.Rot 0641.JPG,Black_rot,Black_rot,0.9750723913498285,0.024404502811542248,9.500443745637333e-05,0.0004281014011729563,True
b8b61796-7482-4057-996a-af8e54ab9761___FAM_B.Rot 5060.JPG,Black_rot,Black_rot,0.9966602170395682,0.0027153646106373996,0.00011258422305310281,0.0005118341267412228,True
bacc041a-df0e-401f-8da5-85303f596784___FAM_B.Rot 0592.JPG,Black_rot,Black_rot,0.999498755623702,0.0001939438055390726,0.00010212636832962338,0.00020517420242956332,True
bb424988-a1c3-4bef-a4a5-8388c4243795___FAM_B.Rot 0631.JPG,Black_rot,Black_rot,0.9996063118696684,0.00020938830897098074,5.7357051555194006e-05,0.00012694276980549507,True
bb4d2497-0f5d-419e-84d3-685883e333b6___FAM_B.Rot 3375.JPG,Black_rot,Black_rot,0.9998720532517712,2.3801753044160633e-05,4.4511660363558894e-05,5.963333482107679e-05,True
bc248029-8236-4e2c-8343-c9ebf0abe24d___FAM_B.Rot 3564.JPG,Black_rot,Black_rot,0.9978414555828851,0.0016752486231649355,0.00010719053815253386,0.00037610525579744595,True
bd1b82f6-2438-4204-9a6a-3a0b335172d1___FAM_B.Rot 3310.JPG,Black_rot,Black_rot,0.9976866845332507,4.1988644300817565e-05,0.0006291273240773761,0.001642199498370959,True
c00ea3f6-3316-4328-8ff5-2849c6a18719___FAM_B.Rot 5048.JPG,Black_rot,Black_rot,0.9973404586347845,0.001076350171445608,0.0012973557145174036,0.0002858354792522457,True
c3137679-a88f-4603-b027-faf156763d61___FAM_B.Rot 0616.JPG,Black_rot,Black_rot,0.9997323705063146,3.1377763344043765e-05,5.599593481757745e-05,0.000180255795523866,True
c38471f9-9a18-4816-8237-36e727c17a93___FAM_B.Rot 0695.JPG,Black_rot,Black_rot,0.989340757220242,0.009686656450349246,0.0004947574163482268,0.0004778289130606756,True
c448ff18-fa6f-4efa-a7f5-813d57279a26___FAM_B.Rot 3059.JPG,Black_rot,Black_rot,0.9998464411461409,5.620380562176274e-06,4.6966892042159185e-05,0.0001009715812549272,True
c4d154d9-6a5b-4a81-aa85-b9d5a5a00e89___FAM_B.Rot 3613.JPG,Black_rot,Black_rot,0.9971565190248602,8.224287972713474e-05,0.0011407706261256025,0.0016204674692869995,True
c4d8a014-c573-41fe-afb0-e4b1fb96d62a___FAM_B.Rot 0673.JPG,Black_rot,Black_rot,0.9924536429387065,0.007073084019621324,0.00010799652101729562,0.00036527652065481667,True
c6e07980-33d0-4e8b-a552-e738c1054907___FAM_B.Rot 3229.JPG,Black_rot,Black_rot,0.9998154688572162,2.216425801782162e-05,0.0001297075693908378,3.265931537527327e-05,True
c6e1f132-3e73-4c9a-acee-ca707f2203d7___FAM_B.Rot 5008.JPG,Black_rot,Black_rot,0.9994513476827592,0.00021315842813550068,0.00010514268714714903,0.00023035120195811145,True
c813333e-eed5-4934-8e83-39ffd9a52d3f___FAM_B.Rot 0371.JPG,Black_rot,Black_rot,0.9899667579605994,0.0010648196468651565,0.008255893528952682,0.0007125288635827131,True
ccbc65da-e98d-4478-b7d6-3eb08e0180a3___FAM_B.Rot 0324.JPG,Black_rot,Black_rot,0.9993533408745288,2.591930603131055e-05,0.00010542191686913989,0.0005153179025705861,True
cd21d350-3a40-45b8-8c67-c15c2a336545___FAM_B.Rot 3206.JPG,Black_rot,Black_rot,0.9998580608636607,5.3845244791796864e-06,6.328238392254261e-05,7.327222793746914e-05,True
d045079f-ca24-4e40-b203-7c70608c9d02___FAM_B.Rot 0665.JPG,Black_rot,Black_rot,0.9997696341240268,2.850652353161173e-05,8.670508075380282e-05,0.00011515427168776883,True
d0837299-34cf-476b-af90-68d4ed50a4a3___FAM_B.Rot 5021.JPG,Black_rot,Black_rot,0.99954065484069,1.8475609784889563e-05,0.00011415312437516954,0.0003267164251498446,True
d1754451-f16a-4bf8-bdeb-815c7ee5f9f1___FAM_B.Rot 3145.JPG,Black_rot,Black_rot,0.9934660486597054,0.005463183164144852,0.0006194187502842328,0.00045134942586544456,True
d3bc40cd-beca-449a-9ec3-f50981efe749___FAM_B.Rot 0702.JPG,Black_rot,Black_rot,0.9966918073814267,0.0007529761667794468,0.0022302811970755627,0.0003249352547182058,True
d4378ee2-b739-4faa-9e85-7f1d37c49f4e___FAM_B.Rot 3134.JPG,Black_rot,Black_rot,0.996797866482329,0.002222927212461815,0.00040196565835355614,0.0005772406468556088,True
d58acc59-80a3-4c13-9b8a-831cc49dd93c___FAM_B.Rot 3627.JPG,Black_rot,Black_rot,0.9998095218563039,3.3072192139096973e-06,3.941556260489261e-05,0.00014775536187743675,True
d824b284-23c5-4244-aa1b-7858c99872b3___FAM_B.Rot 2997.JPG,Black_rot,Black_rot,0.9673092715147077,0.006158298442786902,0.017980529680880607,0.008551900361624948,True
d8785cc9-3792-41f4-b929-55497d96fd3a___FAM_B.Rot 5088.JPG,Black_rot,Black_rot,0.9996745569072424,0.00015818400536566688,5.785656771598964e-05,0.00010940251967602685,True
d8c8ca0e-67a1-41dd-a1b1-8900a138dac8___FAM_B.Rot 3048.JPG,Black_rot,Black_rot,0.9995264764861737,1.0747136023725026e-05,0.00012622015329480027,0.0003365562245078579,True
dc085020-b7b7-409d-ae76-364cf7df2b93___FAM_B.Rot 3013.JPG,Black_rot,Black_rot,0.9129962402880629,0.08024309110092827,0.0006999729431122938,0.006060695667896232,True
dc51d657-a8d2-46b1-b16e-014478dc364a___FAM_B.Rot 0488.JPG,Black_rot,Black_rot,0.9996655915679377,5.200395959257167e-06,8.731898317369558e-05,0.00024188905292944093,True
dc6c5087-2e7e-4512-8861-15f7b881a2f1___FAM_B.Rot 3203.JPG,Black_rot,Black_rot,0.9985575095771488,0.0002613933448531101,0.0003042417285740802,0.0008768553494239347,True
dd9d9f5b-382d-4348-b878-618b99f19915___FAM_B.Rot 3286.JPG,Black_rot,Black_rot,0.9997690876195686,5.645582592828696e-07,0.00010098733101917239,0.00012936049115296215,True
de422312-2639-46bf-86f4-e8f81a97f296___FAM_B.Rot 0646.JPG,Black_rot,Black_rot,0.9976806792738617,0.0020636807018567993,0.00013064911774035305,0.00012499090654111386,True
dec9f28b-299d-4c2d-8e46-89c700aa94c1___FAM_B.Rot 5091.JPG,Black_rot,Black_rot,0.9998156587593872,3.139933864923674e-05,5.054028570004112e-05,0.00010240161626357587,True
e034377a-c8b8-4257-8673-e3a0d776c06f___FAM_B.Rot 3327.JPG,Black_rot,Black_rot,0.9996766230339101,2.613852873092672e-05,0.00019111622265264062,0.00010612221470624532,True
e279a08d-52a9-440d-9f23-1dd186e637ad___FAM_B.Rot 3476.JPG,Black_rot,Black_rot,0.9995865806429468,6.929490242327343e-05,7.11576218153539e-05,0.0002729668328145053,True
e441a2b0-1428-43b4-bbfc-a938f50e4e39___FAM_B.Rot 0499.JPG,Black_rot,Black_rot,0.9691271625238987,0.030111315357555107,0.000371912679980356,0.0003896094385659255,True
e615e7ad-18b3-431c-b5fd-809aa7909c06___FAM_B.Rot 3276.JPG,Black_rot,Black_rot,0.9997627305224788,8.356312307784875e-05,5.000875941075235e-05,0.00010369759503255131,True
e6444b5c-2944-46c8-a188-b9fbb366a931___FAM_B.Rot 0655.JPG,Black_rot,Black_rot,0.9984659684186095,0.0005326737016374255,9.605154984169475e-05,0.0009053063299115164,True
e7cae881-171d-442c-aa19-04b82b6c055d___FAM_B.Rot 0534.JPG,Black_rot,Black_rot,0.9986855281022218,0.00011049285475341079,0.00021615902590843482,0.0009878200171163636,True
e82a61a4-b7fd-4db6-b2d2-35068d9bb17e___FAM_B.Rot 0496.JPG,Black_rot,Black_rot,0.9994631309203142,8.952986680397558e-05,7.531614457738443e-05,0.000372023068304135,True
e83845d6-8cd7-4dd7-a71e-3a901bc6db06___FAM_B.Rot 0559.JPG,Black_rot,Black_rot,0.9990126769449996,3.303972506153504e-05,0.0001834213834177939,0.0007708619465211033,True
e982ebd2-1228-49d9-8a12-e7160b968770___FAM_B.Rot 5022.JPG,Black_rot,Black_rot,0.9976344542740792,0.00017943834964147056,0.0009597544162879073,0.0012263529599916166,True
eb651328-cf60-4e40-b61d-0a624cdc21aa___FAM_B.Rot 0366.JPG,Black_rot,Black_rot,0.9997195700984762,3.767029631256051e-06,5.920312811330638e-05,0.00021745974377924257,True
ec615758-021e-4ab2-9c11-c622e020ed99___FAM_B.Rot 0624.JPG,Black_rot,Black_rot,0.9359788358865985,0.06289707586220405,0.0008676239577459773,0.0002564642934514731,True
ed534915-4d99-4f6b-927d-2ebc57650d9d___FAM_B.Rot 0450.JPG,Black_rot,Black_rot,0.9996437301250358,7.5039115650979e-07,0.00018675879712519056,0.00016876068668284197,True
ed597021-7eeb-4a4f-9328-c99f7c21e9f0___FAM_B.Rot 3426.JPG,Black_rot,Black_rot,0.9995244107960471,0.00023967860465933487,0.00012139853748242722,0.0001145120618112859,True
ee376899-ae9e-4f14-9e05-11aa9517487f___FAM_B.Rot 0652.JPG,Black_rot,Black_rot,0.999638307787206,9.268991966962684e-05,4.7811785051129024e-05,0.0002211905080733017,True
ee45e010-fd06-443a-b845-885ebbcebfd8___FAM_B.Rot 3449.JPG,Black_rot,Black_rot,0.9900247558505568,0.00961987539654888,0.00011204748591491683,0.00024332126697955943,True
f00f7ab3-5f23-4088-90e4-c6dcbb08333b___FAM_B.Rot 0588.JPG,Black_rot,Black_rot,0.9974763322566136,0.0009850577486344486,0.00026260991856711844,0.0012760000761848835,True
f014c5bf-d06a-42c7-8a51-bdfb38c6a815___FAM_B.Rot 0495.JPG,Black_rot,Black_rot,0.9897791819737783,0.009592410242868638,6.202138034511134e-05,0.0005663864030077943,True
f5305b02-0f2c-44a4-a572-69a00304687b___FAM_B.Rot 0714.JPG,Black_rot,Black_rot,0.982916162317108,0.0038372718708515013,0.0006762670104122443,0.01257029880162845,True
f56702cc-1ef3-40c6-8f93-cd9ab87c3ed1___FAM_B.Rot 0509.JPG,Black_rot,Black_rot,0.9993228207387669,0.00010341940896065204,0.00039010113635167714,0.0001836587159207461,True
f5e5fde4-c121-40d8-b4a5-59fe23e83c31___FAM_B.Rot 3434.JPG,Black_rot,Black_rot,0.9998582623874788,1.9271608631675077e-05,4.288170937588906e-05,7.958429451363096e-05,True
f671aef3-95ba-403e-bfc8-8fbb1ca9b5a5___FAM_B.Rot 0425.JPG,Black_rot,Black_rot,0.9988562405776074,2.0300095726015512e-05,0.0006665950337677308,0.00045686429289893126,True
f8440406-4060-4fea-afba-25fd341d35a8___FAM_B.Rot 3435.JPG,Black_rot,Black_rot,0.9990371815942671,0.00011350454351405045,7.369814103690389e-05,0.000775615721181839,True
f8ce6709-9d70-4f6b-bd18-a63147d4c228___FAM_B.Rot 5043.JPG,Black_rot,Black_rot,0.9965805640414205,0.0029952597575724376,0.0001499828410332962,0.00027419335997382944,True
f8ee6c26-bb61-4956-a3fb-8a96342249fa___FAM_B.Rot 3158.JPG,Black_rot,Black_rot,0.9991419668028433,8.059754501869847e-05,0.00011945054254195519,0.0006579851095960428,True
f8fb0b69-eb91-4772-8a86-41adf65bd2db___FAM_B.Rot 3149.JPG,Black_rot,Black_rot,0.909265212053034,0.06579403459305928,0.010352110834952485,0.014588642518954321,True
f90852f3-bbcb-4845-afe2-ea6198b0c3d5___FAM_B.Rot 3455.JPG,Black_rot,Black_rot,0.9998009112049174,6.714541017651433e-05,7.561388285268914e-05,5.6329502053395977e-05,True
fa33303a-2183-4ff9-8a61-71bd6d1fd49f___FAM_B.Rot 3411.JPG,Black_rot,Black_rot,0.9982290029533462,0.0011059207739310894,6.27587673767086e-05,0.0006023175053461847,True
fae1aeea-8bd7-4d59-97cb-3a7dd324e550___FAM_B.Rot 3554.JPG,Black_rot,Black_rot,0.9906984866481233,0.007311210515573439,0.00017644539686353697,0.0018138574394396512,True
fb6ca3d8-29bc-4103-b309-82aa6d7b1b0b___FAM_B.Rot 0648.JPG,Black_rot,Black_rot,0.9921607211897133,0.007414087289427407,9.198230917787976e-05,0.0003332092116811892,True
fbf08736-4641-4943-a4b5-4f86f9b609cc___FAM_B.Rot 3151.JPG,Black_rot,Black_rot,0.7585617882739898,0.13025372552315087,0.004665980916919417,0.10651850528594023,True
fc114047-c698-4bfd-89dd-ce3173aaffd5___FAM_B.Rot 5038.JPG,Black_rot,Black_rot,0.9996592842192585,2.7729053063429063e-05,9.608147912447836e-05,0.00021690524855337475,True
fc4a5f21-0d08-479d-b506-2d5eae6d0ac1___FAM_B.Rot 3358.JPG,Black_rot,Black_rot,0.9998834960725931,2.6776554355258144e-06,5.955682922594656e-05,5.426944274546493e-05,True
fc75404e-0b13-4827-8fde-b9b92be735cc___FAM_B.Rot 0330.JPG,Black_rot,Black_rot,0.9805153572143235,0.01791230191496428,0.0005212233327417171,0.0010511175379705367,True
fc7cc3d0-caa3-4315-9495-2a29cf8e61b2___FAM_B.Rot 3321.JPG,Black_rot,Black_rot,0.9905959663283078,0.0014476835152704656,0.0064600927664085935,0.0014962573900130034,True
fccab141-6eac-4889-9ada-7ad19cb346a4___FAM_B.Rot 3096.JPG,Black_rot,Black_rot,0.9997043582216099,8.522746989102114e-07,0.00015000609795467185,0.00014478340573659935,True
fec549a8-893a-4561-8b83-0966cd018fee___FAM_B.Rot 5054.JPG,Black_rot,Black_rot,0.9996368621660457,2.000496027409568e-05,0.00010521797582899138,0.00023791489785136727,True
011f307f-e06b-4604-9419-d940f7b00290___FAM_B.Msls 1096.JPG,Esca,Esca,4.689852517831274e-08,0.999874138823396,6.615988517519337e-05,5.965439290345894e-05,True
03f815cb-cdcd-4486-a142-f2ac59a4bf48___FAM_B.Msls 4315.JPG,Esca,Esca,5.547867509325141e-07,0.9995132640852482,0.00018128017010609766,0.00030490095789472083,True
048c9e5a-1e7f-4e50-b579-01d7c75b340f___FAM_B.Msls 4050.JPG,Esca,Esca,1.7844179617063997e-06,0.9992404478030991,0.00047139650599569875,0.0002863712729434659,True
066df51b-4f56-417d-8cf0-b6990b27b952___FAM_B.Msls 4382.JPG,Esca,Esca,0.002215577360457878,0.9971796236028345,0.00027714137342609236,0.00032765766328126517,True
06b3cef1-9eeb-4a15-a8c6-429532a64e2e___FAM_B.Msls 4427.JPG,Esca,Esca,6.3747492518391015e-06,0.997983029614141,0.0002721398357329925,0.0017384558008742685,True
06eb73c0-225e-447b-ac67-08be159a73b7___FAM_B.Msls 1225.JPG,Esca,Esca,9.439784271235017e-07,0.9998979048469697,2.441774308232414e-05,7.673343152066792e-05,True
08fbe786-cf83-4dc7-b281-19dbfcf42c41___FAM_B.Msls 4287.JPG,Esca,Esca,3.169934652161367e-07,0.99973765098691,0.00018995052331909174,7.208149630558578e-05,True
09282a81-6cb1-4140-b6a3-6ea517ee31f9___FAM_B.Msls 3928.JPG,Esca,Esca,5.253480999541385e-07,0.999553070960379,0.00022398941116739919,0.00022241428035358438,True
0ac7f7a3-2748-4f58-ae8d-426cdc5113f4___FAM_B.Msls 4432.JPG,Esca,Esca,1.9158404413964364e-06,0.9991387865533612,0.0001741166651270301,0.0006851809410704545,True
0ad02171-f9d0-4d0f-bdbd-36ac7674fafc___FAM_B.Msls 4356.JPG,Esca,Esca,3.1598922115612526e-07,0.9996416989994298,6.708496801078368e-05,0.0002909000433383441,True
0d56d708-22c4-477a-bd29-7c5776dbcf25___FAM_B.Msls 4457.JPG,Esca,Esca,1.7041661198134805e-07,0.9997940197078584,3.061029812864664e-05,0.00017519957740113544,True
0de65785-c601-41dc-8099-83c73cac21c2___FAM_B.Msls 4094.JPG,Esca,Esca,1.1048582105833054e-07,0.999847353689849,0.00010920645279769845,4.332937153240432e-05,True
0e1c89b9-d289-471a-988f-850f4874621e___FAM_B.Msls 3950.JPG,Esca,Esca,2.2801149465406614e-07,0.9997135608580447,0.00012881155167461774,0.00015739957878602845,True
0fa9cca0-f4e4-4a1e-925c-1111fc1597f0___FAM_B.Msls 4107.JPG,Esca,Esca,2.826306549034929e-07,0.9997422439854734,0.00017814764936045443,7.932573451122284e-05,True
100e782c-741d-4e34-948f-0c2e129a0939___FAM_B.Msls 4161.JPG,Esca,Esca,2.927356226698036e-07,0.9997099969728774,0.00017908540620916214,0.0001106248852907866,True
116c6549-0f11-4649-b50f-c0555fa88f6b___FAM_B.Msls 4278.JPG,Esca,Esca,1.444839155423808e-06,0.9990855727263298,0.0002623378634401525,0.0006506445710746202,True
12b10162-dea3-4b1e-9ac6-891775a5daf4___FAM_B.Msls 1284.JPG,Esca,Esca,0.008260220777884552,0.9908341135995958,0.0004849547408440753,0.0004207108816754171,True
143f0875-9844-410b-853c-cd8f6a918e63___FAM_B.Msls 3897.JPG,Esca,Esca,1.037573751405261e-06,0.9994207465073112,0.000337909587183179,0.00024030633175414412,True
14ad3627-cb25-4867-abe0-c6bca7c6a075___FAM_B.Msls 4013.JPG,Esca,Esca,5.370863341686629e-07,0.9996766900416231,0.0002487870966585422,7.398577538423965e-05,True
15186e0b-3360-4bfa-b84b-3018f735932b___FAM_B.Msls 1835.JPG,Esca,Esca,1.0753579176446378e-07,0.9998330437576405,8.435269545467389e-05,8.249601111301607e-05,True
1597641f-db77-43c9-bd8c-912498c22b15___FAM_B.Msls 0966.JPG,Esca,Esca,3.129083465793376e-07,0.9997540870520479,0.00018988602584331057,5.571401376235638e-05,True
17f06d95-a112-4a6f-85ab-c8d29a98a461___FAM_B.Msls 4172.JPG,Esca,Esca,6.039087241344643e-07,0.9995338938102388,0.00019473854717795924,0.000270763733859282,True
18281818-c3a8-453b-b5fd-6101853e4aca___FAM_B.Msls 3915.JPG,Esca,Esca,2.9239152736332617e-07,0.9996514217781879,0.00015338474379028588,0.00019490108649451477,True
195d2df2-0618-4683-b7f3-ddb45f30d8e4___FAM_B.Msls 0857.JPG,Esca,Esca,8.380399727781366e-07,0.9994260995208003,0.00013606636911893212,0.00043699607010805726,True
1999af4b-48fa-4ea9-b52c-8267a0313007___FAM_B.Msls 1223.JPG,Esca,Esca,3.335097075713281e-08,0.9999230439071344,4.6351628145127076e-05,3.057111374989374e-05,True
1a477ab0-0649-48d4-bbbf-fa3600d9ec03___FAM_B.Msls 1347.JPG,Esca,Esca,1.542069154425521e-06,0.9995774320542141,0.00010661155581670153,0.00031441432081484133,True
1a605788-78ec-4d62-9f87-3ad62309d58f___FAM_B.Msls 4371.JPG,Esca,Esca,6.768753840114052e-08,0.9998440217028475,2.480585176014381e-05,0.0001311047578541157,True
1ab73b8a-ab8f-499b-a38a-ba59c21f8802___FAM_B.Msls 3871.JPG,Esca,Esca,0.0024188496882399674,0.9883440911025347,0.0018188116803580852,0.007418247528867482,True
1c111789-c4cc-4319-8cd2-2d50b891d313___FAM_B.Msls 4209.JPG,Esca,Esca,8.975011603383445e-07,0.9993605239844278,0.0003384798203332797,0.0003000986940787499,True
1c46292e-7ee0-410a-ac41-65b5d0d3a6f4___FAM_B.Msls 0866.JPG,Esca,Esca,0.011847308536864009,0.986139618446153,0.00048118507496428556,0.0015318879420186235,True
1cb1a7e1-b930-43c2-a1ee-26b694931955___FAM_B.Msls 4395.JPG,Esca,Esca,1.0507932280916418e-07,0.9997908035502096,6.157171486731416e-05,0.00014751965560045517,True
1e8bbe2c-7889-4fd1-8e77-dd01959007ab___FAM_B.Msls 0858.JPG,Esca,Esca,0.0035657549179639913,0.9949211207370895,0.0004941769171033765,0.0010189474278433225,True
1eefcad2-d268-4ca4-ab7f-6798395ed2a1___FAM_B.Msls 4368.JPG,Esca,Esca,3.832152327055723e-08,0.9998755575625203,4.463077040961045e-05,7.977334554693977e-05,True
206a3062-fcf6-4724-a42a-ace810a07afd___FAM_B.Msls 1197.JPG,Esca,Esca,9.540326387642165e-08,0.9998210478307417,3.1555547122612046e-05,0.00014730121887178795,True
2284b3b4-d74e-4fbe-9296-b04e39ae5acb___FAM_B.Msls 0882.JPG,Esca,Esca,1.1007974036736986e-06,0.9993238935761701,0.00017907151912158848,0.0004959341073047188,True
22d149ed-9bb5-4c66-8f9f-2a504c3bc8aa___FAM_B.Msls 4067.JPG,Esca,Esca,3.098669273962264e-07,0.9997664896860898,0.00018615116070692285,4.704928627574366e-05,True
22e90bdf-b3ea-4d94-8dd9-fae2470cdd52___FAM_B.Msls 1175.JPG,Esca,Esca,1.4795770441905623e-07,0.999776818127424,0.00011932876852622246,0.00010370514634542553,True
241636c5-aaf6-48bb-9e2c-7d0cd345d87d___FAM_B.Msls 4458.JPG,Esca,Esca,9.059395410855752e-07,0.9995396163490233,3.6520713873303315e-05,0.00042295699756209835,True
24fc1c43-2c95-4cd5-86ce-bbe9356197eb___FAM_B.Msls 3933.JPG,Esca,Esca,1.0769654982485258e-06,0.9993031628221187,0.00015403323814703113,0.0005417269742358095,True
255a469a-6adc-43a7-8567-09cb553ba336___FAM_B.Msls 4293.JPG,Esca,Esca,1.2471997552753036e-05,0.9974881683639104,0.00031735332023439524,0.0021820063183024476,True
258f5fc8-e002-4270-933e-b7b12027122c___FAM_B.Msls 4316.JPG,Esca,Esca,5.154375964581793e-07,0.9994508335657798,0.00020917293478541868,0.0003394780618382912,True
25a3f640-8f7b-4bd9-9604-e75406c0ec1a___FAM_B.Msls 1862.JPG,Esca,Esca,0.0490970596437937,0.936600356556009,0.0018761439333005723,0.012426439866896701,True
25b61f8a-d220-49c9-953e-fa2c8b76f19b___FAM_B.Msls 1863.JPG,Esca,Esca,0.010884811637461432,0.9792515060604925,0.0014086540302302433,0.008455028271816012,True
25d9fdcb-1f52-4d6e-a91f-45da56ad4b06___FAM_B.Msls 3852.JPG,Esca,Black_rot,0.9382808178134766,0.06058906412428411,0.00018321334841061202,0.000946904713828637,False
26d87fc6-980e-4aa9-9693-0553bf78b313___FAM_B.Msls 4291.JPG,Esca,Esca,2.3079612258639254e-06,0.9991022686387936,0.0005653383281202029,0.000330085071860278,True
2850cff3-e262-49b1-af09-051e76e19fa8___FAM_B.Msls 1336.JPG,Esca,Esca,0.008867770760074804,0.9400191557902668,0.0015805046192824026,0.049532568830375844,True
28a93822-184d-4d73-9fd1-1c3ebf1e72fc___FAM_B.Msls 0861.JPG,Esca,Esca,0.06633542879622545,0.9239706936095314,0.004890921119233343,0.004802956475009858,True
28cf6340-9243-42d0-933e-c8afccb91b46___FAM_B.Msls 3970.JPG,Esca,Esca,2.2106715014197473e-06,0.9991690185160773,0.0005177779828473055,0.00031099282957399945,True
290a5fb5-12ae-4f0c-befb-39b83b09524a___FAM_B.Msls 1170.JPG,Esca,Esca,7.306796604591739e-08,0.9998842213708476,9.305474352364542e-05,2.265081766256986e-05,True
2aa5339e-a039-42d9-a492-747e93f884eb___FAM_B.Msls 3967.JPG,Esca,Esca,1.7749448142567878e-07,0.999821597105492,0.0001415014701437988,3.672392988269586e-05,True
2ba2c978-74a0-4dff-9e0b-80adfec4dedf___FAM_B.Msls 4035.JPG,Esca,Esca,7.500180173851382e-07,0.9995381755367481,0.00028911083385747827,0.00017196361137706735,True
2bd4541e-4ea6-484d-a490-07e2abe41758___FAM_B.Msls 1122.JPG,Esca,Esca,1.1815110000199897e-07,0.9998123612431816,0.00011009760340833552,7.74230023102027e-05,True
2bf35b46-3681-4bd2-8491-264ec0fe0e9f___FAM_B.Msls 1050.JPG,Esca,Esca,7.122926269875669e-08,0.9998548237443757,8.51504217807686e-05,5.995460458077662e-05,True
2c4ddcf7-2ad4-4802-a027-59c1b192d7a2___FAM_B.Msls 1123.JPG,Esca,Esca,1.4606062163846948e-07,0.9998467503552607,0.00013086501645039012,2.2238567667179742e-05,True
2f3f5ab8-b043-4906-a480-e908dbad8584___FAM_B.Msls 1191.JPG,Esca,Esca,8.074321664776142e-08,0.9998501462172754,9.120929184552707e-05,5.856374766252374e-05,True
2f89c58c-1bc4-40f7-babf-b1f1dc2cffc9___FAM_B.Msls 3969.JPG,Esca,Esca,2.1979698751012795e-07,0.9997206281349509,0.0001386331900606326,0.0001405188780009649,True
306da002-f51a-46c7-89fe-8263a22837c9___FAM_B.Msls 1822.JPG,Esca,Esca,3.6537688527379022e-06,0.9984164699078383,0.00048817412717349246,0.0010917021961355862,True
308affeb-3413-4002-ae48-d76f67c762e6___FAM_B.Msls 0879.JPG,Esca,Esca,0.001985489015263428,0.9969693269448969,0.00014611838392882857,0.0008990656559108279,True
30c135e6-4806-4b6f-8e2f-1474725795fb___FAM_B.Msls 4275.JPG,Esca,Esca,5.137555667925008e-06,0.9981774913327881,0.0006614807169969287,0.0011558903945473105,True
316ccd32-0e9c-40bb-869b-1378cebdb6a0___FAM_B.Msls 0968.JPG,Esca,Esca,1.0027862471284442e-07,0.9998463318620435,0.0001053216594186295,4.824619991333905e-05,True
31dcd664-97e8-4e22-a30d-35014b9737a4___FAM_B.Msls 4350.JPG,Esca,Esca,0.03645144011283056,0.9629321555050553,0.00017037793038711076,0.00044602645172689344,True
324974f4-6058-4cc1-9af3-ceaf3bc96867___FAM_B.Msls 1294.JPG,Esca,Esca,1.580608300708736e-07,0.9998418600291268,0.00013523891129459811,2.274299874857954e-05,True
3374a5c7-85b1-44a7-92a5-acf497aa3803___FAM_B.Msls 4347.JPG,Esca,Esca,2.1869649734107157e-07,0.9997436967788101,6.44593521947948e-05,0.00019162517249764958,True
33880a34-ebaa-47df-916a-d65d4662a1c0___FAM_B.Msls 1790.JPG,Esca,Esca,7.91867332378223e-08,0.9998691555168959,9.488379439439776e-05,3.588150197643782e-05,True
342908ce-8cad-40e9-a422-d7744e079292___FAM_B.Msls 0869.JPG,Esca,Esca,1.0275305207690975e-07,0.9997949660792643,7.793163814126864e-05,0.0001269995295424879,True
344cb30a-eda8-45fe-8708-ca8a2fc4eb53___FAM_B.Msls 4170.JPG,Esca,Esca,1.0543527512804998e-07,0.9998147942901745,0.0001013869460477406,8.371332850246467e-05,True
3573f44b-23da-4c38-8cc5-bb7bee57d598___FAM_B.Msls 3881.JPG,Esca,Esca,1.5447309159938077e-06,0.9995382225023183,5.077779438109598e-05,0.0004094549723848498,True
35f27251-e796-4906-80a3-1836f8bce8a3___FAM_B.Msls 0916.JPG,Esca,Esca,1.793255643711809e-07,0.9998040832051986,0.00014252365329779876,5.3213815939161356e-05,True
375d0a8d-4722-41c2-afd1-1ae96eff47b1___FAM_B.Msls 1360.JPG,Esca,Esca,0.0024825704719663934,0.9971819395997147,0.00015525245584800283,0.00018023747247102788,True
37642d48-d6b8-49b6-9190-d0a12bea3f6c___FAM_B.Msls 0851.JPG,Esca,Esca,1.2180905892276196e-07,0.9997857746117438,0.00010000353801855016,0.00011410004117884795,True
3a4f2681-0ad1-4ad1-a05b-005592733970___FAM_B.Msls 1037.JPG,Esca,Esca,3.1660842954170833e-08,0.9999041305948861,5.8273607331207605e-05,3.7564136939751254e-05,True
3ac5e3ba-b071-47da-b76b-992e4c3e8bea___FAM_B.Msls 4369.JPG,Esca,Esca,5.385254280354885e-07,0.9998538290049097,2.170448105833448e-05,0.00012392798860394412,True
3c00670f-de7b-40d1-b871-49dfd5b84a41___FAM_B.Msls 1290.JPG,Esca,Esca,2.7559343479596608e-08,0.9998952381863014,3.490195012295757e-05,6.983230423211738e-05,True
3e39d83d-d0e4-4b23-8823-30ea2c216aff___FAM_B.Msls 4149.JPG,Esca,Esca,3.9313781707692923e-07,0.9996718413388421,0.00020364231459076926,0.00012412320875002542,True
40518be1-a5c8-464e-b42e-5b23c9529383___FAM_B.Msls 1085.JPG,Esca,Esca,4.744281597197251e-08,0.9998973532666781,7.407682569679275e-05,2.85224648091316e-05,True
419979ee-6231-4a02-94d1-3bcbdd2b63c3___FAM_B.Msls 4485.JPG,Esca,Esca,6.644528751568755e-08,0.9998365134606987,6.801380183009717e-05,9.540629218386688e-05,True
419a7e1b-a8f5-4ef1-8ff3-4d680dcea8df___FAM_B.Msls 4301.JPG,Esca,Esca,3.310637163030852e-07,0.9996813015555757,0.00018054733050750142,0.00013782005020081682,True
41b072e8-2992-4cdd-8296-90d0b5e8ee1f___FAM_B.Msls 3907.JPG,Esca,Esca,1.1257210144621119e-07,0.999839750281593,0.00011181406875229575,4.832307755319623e-05,True
41f42bf8-8120-4535-be6b-a36b52978502___FAM_B.Msls 1329.JPG,Esca,Esca,1.3894630147815021e-06,0.9992223639723493,0.0003948690318801031,0.0003813775327558953,True
47443685-01c7-438d-9001-b9b0ff698606___FAM_B.Msls 4406.JPG,Esca,Esca,0.00253183719008159,0.9965141088885331,0.00024636036017809307,0.000707693561206984,True
47b0d5e3-2c8d-4528-8d6d-228deb96fcea___FAM_B.Msls 1826.JPG,Esca,Esca,4.0109045615708736e-07,0.9996980420810675,0.000212144231372927,8.94125971034432e-05,True
4b1f2354-fd30-4a68-84df-c6efc783b65a___FAM_B.Msls 1158.JPG,Esca,Esca,1.594978194701493e-08,0.999927450739163,3.922660622629089e-05,3.3306704828870625e-05,True
4bef5630-93d6-4fe6-b814-a2320bfee67e___FAM_B.Msls 0859.JPG,Esca,Esca,0.1140402212428019,0.8841902009920586,0.0005945617437732163,0.001175016021366543,True
4d32a5c9-2b48-4fcf-ace1-ab0f81def6b7___FAM_B.Msls 4101.JPG,Esca,Esca,8.923526098511438e-09,0.999948920844432,3.046767107831419e-05,2.0602560963622877e-05,True
4eb67c58-2763-46ed-8a2b-9cf59d86585c___FAM_B.Msls 3934.JPG,Esca,Esca,1.0580511536178508e-05,0.9975778260364075,0.0004020062781207905,0.002009587173935609,True
4ff51eae-ad78-4149-8cf6-e3f98c6f25a6___FAM_B.Msls 1275.JPG,Esca,Esca,6.518590237286087e-08,0.9998911231453099,8.679800351375961e-05,2.201366527390802e-05,True
50555c5d-bb92-4113-9468-e51028c75633___FAM_B.Msls 4305.JPG,Esca,Esca,3.35861201445416e-07,0.9998494134920639,4.637381656100598e-05,0.00010387683017363522,True
50c96798-9450-474d-be57-a4594a948788___FAM_B.Msls 1219.JPG,Esca,Esca,0.0016167326881722608,0.9982336620344097,6.689571126433792e-05,8.270956615369909e-05,True
50c9b177-aa65-4acf-b0f3-2423aa0ec904___FAM_B.Msls 4497.JPG,Esca,Esca,0.007157064239184839,0.9899850191801094,0.0002121027093063865,0.0026458138713995887,True
50fe0099-a071-4a3c-bc9b-de15fd7756a4___FAM_B.Msls 4311.JPG,Esca,Esca,3.513144356479357e-08,0.9998837129165389,5.0327294052252736e-05,6.592465796507582e-05,True
51731b28-e499-4b28-9b25-5e1a63086a8c___FAM_B.Msls 1152.JPG,Esca,Esca,0.026317365088991223,0.9039704266869955,0.008083674874441903,0.061628533349571565,True
51fa1144-94aa-4cb3-9656-da49c37fa59b___FAM_B.Msls 4119.JPG,Esca,Esca,7.394261438871896e-08,0.9998890466869026,9.358216681926417e-05,1.729720366366935e-05,True
5328f9e6-5cd8-45de-99b6-539913d389d0___FAM_B.Msls 4003.JPG,Esca,Esca,9.306949792827589e-08,0.9998798562868452,0.00010527429208018074,1.4776351576786087e-05,True
54b28e48-2e49-4f03-a481-647e19b457e9___FAM_B.Msls 0939.JPG,Esca,Esca,1.4634053288175724e-08,0.9999294216254716,3.756788909263911e-05,3.299585138265609e-05,True
553774cb-4861-4eb0-b019-b26cd7013aa1___FAM_B.Msls 1132.JPG,Esca,Esca,1.884599567646082e-07,0.9997192670510379,0.00010487186937135205,0.00017567261963383874,True
55c660e1-023d-41a6-88f5-ebf6ec9bf00a___FAM_B.Msls 1251.JPG,Esca,Esca,8.751716036084534e-08,0.9998843529482141,0.00010186261502200919,1.3696919603498315e-05,True
567493c2-1977-4bcc-aa03-23bad3c8a9f1___FAM_B.Msls 4083.JPG,Esca,Esca,1.2919373379354154e-06,0.9993334614480766,0.00039584254785789163,0.00026940406672778215,True
567d4ee8-d891-4ce3-b81c-1351f5db81a5___FAM_B.Msls 3882.JPG,Esca,Esca,3.305042036170607e-07,0.9997145248401315,0.00019077740010642598,9.436725555850211e-05,True
57f9b9d4-9fdc-444d-9481-d1d1b155967e___FAM_B.Msls 3886.JPG,Esca,Esca,1.4241538865686203e-07,0.9997859883895309,0.00011711862942390377,9.675056565645048e-05,True
584e36a1-75df-4581-afce-a14a9aa3cb16___FAM_B.Msls 3890.JPG,Esca,Esca,1.4822160544478036e-06,0.999431036231126,0.00012689443328780205,0.0004405871195319671,True
587ec2ee-443c-4f79-b6bd-9c8b62a8cbe4___FAM_B.Msls 3977.JPG,Esca,Esca,3.857247420883574e-07,0.9997130838666147,0.00020943475063908747,7.709565800399404e-05,True
58a7a680-1399-408a-be93-f2d7ee89adb0___FAM_B.Msls 3986.JPG,Esca,Esca,1.2063717123518053e-06,0.9994844326843314,0.00037956691513754703,0.0001347940288187432,True
59d2cc29-6792-42e2-a853-8e6615f45fd8___FAM_B.Msls 4489.JPG,Esca,Esca,0.005759342495653824,0.9926501354948433,0.0007813762422325239,0.0008091457672701688,True
5b00f3c5-f8dc-42a3-a692-dc3da81c7525___FAM_B.Msls 0833.JPG,Esca,Black_rot,0.7072312754032519,0.2904019010561314,0.0005443691295250292,0.0018224544110917043,False
5dee0443-d7d9-4c83-ba8d-31311663c790___FAM_B.Msls 3898.JPG,Esca,Esca,2.251733186311552e-06,0.9989046961418405,0.00022462800780550068,0.0008684241171675273,True
5e734970-c5ec-4900-a040-af25c7ae5754___FAM_B.Msls 0949.JPG,Esca,Esca,8.538736380132634e-08,0.9998683336272463,0.00010118555325295539,3.0395432136933807e-05,True
60201415-8ccf-49d7-8bea-09648905f4ef___FAM_B.Msls 4447.JPG,Esca,Esca,0.006137605703330778,0.9896140334148196,0.0016825750392219193,0.002565785842627877,True
613a1888-69c1-4f3a-82fa-ace896ecae1c___FAM_B.Msls 1211.JPG,Esca,Esca,3.6669242311043192e-06,0.9990992088720104,0.0006406619933203631,0.00025646221043823856,True
61ed79cb-7db4-41a2-aaf0-7d0010c3f0b1___FAM_B.Msls 1264.JPG,Esca,Esca,1.960729531292029e-06,0.9993375327971032,0.00047680703909150975,0.00018369943427387972,True
63f3535c-0927-442e-a4ee-ffce62296cb9___FAM_B.Msls 3811.JPG,Esca,Esca,6.968185004215429e-08,0.9998460264650515,8.136688316809647e-05,7.253696993027805e-05,True
64f1da10-84e0-472c-a863-777e37da5f49___FAM_B.Msls 1295.JPG,Esca,Esca,0.005680269197710029,0.9929808874644134,0.0005730536372395622,0.0007657897006369987,True
652b34a8-6a6d-4ebd-96d5-ec221683ca3f___FAM_B.Msls 0929.JPG,Esca,Esca,3.829930036520778e-06,0.9990352405389787,0.0007021260642692829,0.0002588034667154135,True
67b71801-02de-4909-ba7a-e60b0855ccfc___FAM_B.Msls 3868.JPG,Esca,Esca,6.025885781170719e-06,0.9979767922654087,0.000624057661278302,0.0013931241875317572,True
68508b25-aff4-4a35-959b-31acd9e42430___FAM_B.Msls 1810.JPG,Esca,Esca,4.958796689602815e-07,0.9996291368544475,0.00022429095413821113,0.00014607631174523705,True
6859994c-de46-4b2a-9efd-9ae52f56f1c7___FAM_B.Msls 0972.JPG,Esca,Esca,3.7931652586655645e-07,0.9996604542640892,0.00016170276159803345,0.00017746365778668004,True
68bd7afa-d0ff-486e-b4ab-c98a91d492ce___FAM_B.Msls 3830.JPG,Esca,Esca,5.800929027305457e-08,0.9998793224101732,7.17492414315421e-05,4.887033910496938e-05,True
68c494f0-3238-4210-96c2-cec0c87ad150___FAM_B.Msls 4492.JPG,Esca,Esca,7.254227549486111e-07,0.9995637678100108,0.0001892582680593388,0.0002462484991748549,True
6a3d7f85-1cdb-4a13-85da-ecd3b91fe99f___FAM_B.Msls 4408.JPG,Esca,Esca,9.131305737702485e-07,0.9994913173956054,0.00010960530710469159,0.0003981641667161883,True
6cb2bc16-bab3-417d-9bec-4976969546bb___FAM_B.Msls 4463.JPG,Esca,Esca,0.00811623335122312,0.9886512672800618,0.00022979777382573343,0.0030027015948892507,True
6e2af83a-9b10-47b6-b053-d5e858a5e25b___FAM_B.Msls 1312.JPG,Esca,Esca,4.85472173238195e-08,0.9998657311676702,6.386661404936106e-05,7.035367106309327e-05,True
70bc78b7-f512-4e4e-b3e3-b9aaf357e947___FAM_B.Msls 3793.JPG,Esca,Esca,1.688852110478507e-07,0.9997386408327837,9.941102563497042e-05,0.00016177925637011535,True
70fed7a8-65fc-475a-9459-752e8f98556e___FAM_B.Msls 1177.JPG,Esca,Esca,4.6613335218087816e-08,0.999870009168991,4.1646079185262135e-05,8.82981384884833e-05,True
7112eab8-38fb-4fae-b00f-aa6006a3e67a___FAM_B.Msls 3794.JPG,Esca,Esca,1.1531756628058392e-06,0.9996388136140435,0.00013662521631130337,0.00022340799398253708,True
71c85a06-efe2-43bd-aaff-34818eb95232___FAM_B.Msls 0900.JPG,Esca,Esca,1.3309206715551317e-07,0.9998255575314015,0.00012265563277464691,5.165374375678045e-05,True
7272a251-7c94-4550-8b0d-9f948c1c49a2___FAM_B.Msls 4418.JPG,Esca,Esca,2.5758308935168293e-07,0.9996875372875997,6.374484398082444e-05,0.00024846028533008285,True
72a24fb2-e95f-4355-8122-896da4e3e515___FAM_B.Msls 4417.JPG,Esca,Esca,2.8522512451715216e-08,0.9999056870868013,2.79873875342118e-05,6.629700315208556e-05,True
730c6639-9128-44d2-9726-533876c266ac___FAM_B.Msls 1357.JPG,Esca,Esca,0.0013655096081632437,0.9972228148100866,0.0008570279320651997,0.0005546476496848554,True
745ce798-85c3-4fa6-b743-09d3645b3c4d___FAM_B.Msls 4189.JPG,Esca,Esca,1.1577923303289338e-07,0.9998214344316237,0.00010967625008520047,6.87735390580595e-05,True
75dc7357-a936-4f3b-b099-eaec6ad03527___FAM_B.Msls 1761.JPG,Esca,Black_rot,0.9976998159320347,0.001739885381011518,0.0001485730940901839,0.0004117255928636936,False
75ed4810-ffcd-4a23-aa60-3865cc2af70f___FAM_B.Msls 4340.JPG,Esca,Esca,6.869681015803234e-08,0.9998380482029549,7.208553020761102e-05,8.979757002736486e-05,True
79e261e6-ab89-4675-973c-bf55a6843e35___FAM_B.Msls 4335.JPG,Esca,Esca,5.705022644380653e-08,0.9998465852494691,5.7586775326602305e-05,9.57709249778899e-05,True
7a883f12-060f-4e0a-bd1e-b9100d9cd7d8___FAM_B.Msls 1052.JPG,Esca,Esca,3.51262987516889e-07,0.9997024626856165,0.000196017815426319,0.00010116823596981929,True
7ae3e5e6-397e-4740-a5f5-f3043a093231___FAM_B.Msls 4029.JPG,Esca,Esca,6.872955314396916e-08,0.9998896697082229,8.979896630599182e-05,2.0462595918031008e-05,True
7b47e162-0e3e-41c7-93fe-63a1466d7609___FAM_B.Msls 3893.JPG,Esca,Esca,7.39296530770563e-06,0.9979062864891277,0.0006037423654786636,0.0014825781800860056,True
7bcb5a22-1009-43b6-b077-8e84a7c6ba23___FAM_B.Msls 1115.JPG,Esca,Esca,1.586647196106145e-07,0.999801019883578,0.0001292621361236346,6.955931557905206e-05,True
7bcd5517-4745-49e4-93cf-5935f0ea9e3b___FAM_B.Msls 0896.JPG,Esca,Esca,0.01236698770438233,0.986649264456543,0.0003292038991636332,0.0006545439399107629,True
7c9f567d-4901-46e5-b31c-f7b77922b910___FAM_B.Msls 0891.JPG,Esca,Esca,0.002798406914976319,0.9954371577499758,0.0004869532655648635,0.0012774820694832435,True
7e504a9a-62b9-4472-87e8-272e64af9d4b___FAM_B.Msls 4334.JPG,Esca,Esca,2.1055008866963766e-07,0.9996999757523493,6.506813097275645e-05,0.0002347455665892048,True
7fd6b840-34c5-4f51-bf28-49d4709b4592___FAM_B.Msls 1843.JPG,Esca,Esca,1.2197013196213157e-07,0.9998217905369913,0.00011557547490812028,6.251201796866855e-05,True
7fda80a2-5f7e-4e29-bbf4-6d76569e4cb3___FAM_B.Msls 1212.JPG,Esca,Esca,4.7249271987957875e-06,0.9989750567181404,0.0007405025829705677,0.00027971577169039945,True
820171f3-a985-424d-920f-f18d30d7c8be___FAM_B.Msls 3812.JPG,Esca,Esca,0.005437078264314446,0.9926591653744531,0.0007252659318284146,0.001178490429404307,True
8442f102-0b5b-479f-8a6e-491b2e906d11___FAM_B.Msls 3863.JPG,Esca,Esca,6.517448074639396e-07,0.9994848523835056,0.00010005108207388917,0.000414444789613102,True
8444c73a-83ee-49f9-b2f4-6e2e31d66e02___FAM_B.Msls 3927.JPG,Esca,Esca,6.257852149432855e-08,0.9998491377539073,7.271654463552364e-05,7.808312293572556e-05,True
854f114c-74d1-4dae-a173-e505ef290fac___FAM_B.Msls 4055.JPG,Esca,Esca,4.276605718214568e-08,0.9998668117644662,4.1005678054351474e-05,9.213979142218409e-05,True
86fcf2a5-6964-4caa-aecf-9b42f14b75dc___FAM_B.Msls 3989.JPG,Esca,Esca,5.55130733474737e-06,0.998542566590228,0.0008475198456676138,0.0006043622567695964,True
86ff07ed-71df-47b7-8af8-c625511935d1___FAM_B.Msls 1265.JPG,Esca,Esca,5.577693936549889e-07,0.9995375476189481,0.00013515762632842733,0.0003267369853297552,True
87764f31-69bd-4744-87f9-a1889f50e186___FAM_B.Msls 1286.JPG,Esca,Esca,1.998901090105136e-07,0.9997258641583706,0.00011265563794054053,0.00016128031357967788,True
89265561-e2ab-4c9b-a649-909f2cbf5d01___FAM_B.Msls 4219.JPG,Esca,Esca,1.4042353708362508e-07,0.9997738613601097,0.00011208811507490233,0.00011391010127844152,True
892cb949-3689-44db-ab0a-d37729adae8f___FAM_B.Msls 0831.JPG,Esca,Esca,3.357940285859431e-06,0.9987658351262565,0.00041316441872077506,0.000817642514736961,True
8a0b6e63-15e9-47db-a1b8-37ed43e1b1e0___FAM_B.Msls 1234.JPG,Esca,Esca,7.685658264625247e-07,0.9997906204280929,0.00011259578525604582,9.601522082473933e-05,True
8a8589af-b795-4f9a-85ff-c03d93d3de1a___FAM_B.Msls 0924.JPG,Esca,Esca,0.0020047719608216608,0.9948815391878376,0.001189887928430084,0.0019238009229108298,True
8b993fb5-c4d9-4597-805c-9a8d577bc581___FAM_B.Msls 1187.JPG,Esca,Esca,1.3472785363618388e-07,0.9998490177974186,0.00012640389712303632,2.4443577604751547e-05,True
8bb24787-f86e-4c6a-90aa-cfebf35878ee___FAM_B.Msls 1024.JPG,Esca,Esca,5.460960473950997e-08,0.9998985553301598,8.024267836070108e-05,2.114738187481948e-05,True
8c3515a7-2962-41f4-80e0-f9b399054f9c___FAM_B.Msls 1346.JPG,Esca,Esca,6.36453471040613e-08,0.9998661328762826,2.8532947141381506e-05,0.00010527053122890608,True
8cd6f5a4-b50a-4701-9961-470f57ebf869___FAM_B.Msls 3937.JPG,Esca,Esca,0.0013564008092395823,0.9982142022961755,8.417355871581195e-05,0.0003452233358689387,True
8d907fe6-7955-4b37-912a-70aea1ae8d02___FAM_B.Msls 3900.JPG,Esca,Esca,5.034075896237651e-07,0.999652849010877,0.00023577837511960692,0.00011086920641367395,True
8dde844c-0ff3-49dc-8d81-e643a5d38a63___FAM_B.Msls 4042.JPG,Esca,Esca,3.444601103010001e-08,0.9998947121102024,5.794618894125212e-05,4.7307254845393824e-05,True
8e4c7dc2-646b-428a-9351-9025a07e30bc___FAM_B.Msls 1344.JPG,Esca,Esca,3.8348552104317406e-08,0.9998742241198808,3.759862170844551e-05,8.813890985875454e-05,True
910dc3b9-2237-475a-b211-2e36a380c60d___FAM_B.Msls 4439.JPG,Esca,Esca,0.004719757532691066,0.994496742230916,8.707480744004131e-05,0.0006964254289526838,True
9123d7b2-e9ed-4cdd-a616-7c0ebcfef10c___FAM_B.Msls 1042.JPG,Esca,Esca,1.0744204558744036e-05,0.9978560254560795,0.0011829403787669277,0.0009502899605947766,True
913fb01a-40e2-454b-bc87-aba0669633cf___FAM_B.Msls 3910.JPG,Esca,Esca,2.758289438933793e-08,0.9999080047879229,5.0988692612503524e-05,4.0978936570347656e-05,True
9304503a-f7cb-4435-a794-85d1544bbcab___FAM_B.Msls 1151.JPG,Esca,Esca,0.0054937753714812704,0.9826949046226735,0.002715352436803064,0.009095967569042188,True
94e3e74d-faf9-4ab6-b28c-ee02a8d3720b___FAM_B.Msls 4426.JPG,Esca,Esca,0.003077289070656901,0.9924301850002373,0.0004662574943761518,0.004026268434729507,True
97822070-4ab0-4640-87cc-0b847203e371___FAM_B.Msls 1055.JPG,Esca,Esca,3.450888021591808e-08,0.9998930111859107,5.7916515858397705e-05,4.903778935077343e-05,True
97af59b0-ff69-4a55-9be3-bda181b789cd___FAM_B.Msls 4402.JPG,Esca,Esca,1.6618865385362235e-06,0.9995456133912625,7.172942161564188e-05,0.00038099530058344737,True
989c0a62-1c16-48bd-8721-fb4bbf1e313f___FAM_B.Msls 4384.JPG,Esca,Esca,0.020254393899223892,0.9793441991402655,0.0001227514577426958,0.00027865550276769265,True
9994c140-6ebe-4c48-a4b5-0ea65eed42d4___FAM_B.Msls 1825.JPG,Esca,Esca,0.0013354022663087356,0.9958243301539608,0.0009406755823079726,0.0018995919974224703,True
99fcdf23-f7da-463f-9e16-d2ee1c61bb37___FAM_B.Msls 1180.JPG,Esca,Esca,5.638885029675032e-07,0.9995319410368245,0.00024080707419903505,0.0002266880004734101,True
9b3def52-3cd5-4aa4-a265-1c99a67203e2___FAM_B.Msls 1820.JPG,Esca,Esca,3.963489461960517e-06,0.9986391354645022,0.0006509597018258614,0.0007059413442100872,True
9db151ca-40a4-4877-91f0-fccdc1fd1f74___FAM_B.Msls 1051.JPG,Esca,Esca,1.8091000067179729e-07,0.9998316675704146,0.0001434999489622192,2.4651570622412584e-05,True
9dcd95af-8c0e-467d-85a7-4aae82e603b8___FAM_B.Msls 4040.JPG,Esca,Esca,1.7403048279639427e-06,0.9991456202104149,0.0004581786689906263,0.0003944608157663503,True
9e5d5657-1fde-45df-8e0d-648107f38396___FAM_B.Msls 1214.JPG,Esca,Esca,1.0188706655993206e-06,0.9993592245933403,0.0003328579145532196,0.00030689862144098347,True
9f6e3bec-dac0-4807-9f96-72dcb67e93a8___FAM_B.Msls 1333.JPG,Esca,Esca,2.2162940354643383e-07,0.9997446498215544,2.8730512196009792e-05,0.00022639803684596201,True
9fc987e0-a8b8-46c7-bee6-d00986c82399___FAM_B.Msls 1088.JPG,Esca,Esca,6.44830380942262e-08,0.9998389225589327,6.616147071350171e-05,9.485148731572802e-05,True
9fe9978e-dd78-4240-a041-8c1bed80b96f___FAM_B.Msls 1276.JPG,Esca,Esca,3.271409966322086e-08,0.9998951799488695,5.5153019147106635e-05,4.963431788392269e-05,True
9fe9e1f3-69b7-4798-b86a-fabc95ed4f01___FAM_B.Msls 4256.JPG,Esca,Esca,1.0034229189643683e-07,0.9998311025759055,0.00010151625155020514,6.72808302522937e-05,True
a1b6f31d-4cf0-469f-89a4-70270992286e___FAM_B.Msls 4434.JPG,Esca,Esca,0.0016492108724918061,0.9972407815614316,0.00013062370788338297,0.000979383858193232,True
a2027312-f55d-4e37-8f96-1dd323ae2336___FAM_B.Msls 4095.JPG,Esca,Esca,4.812326081593076e-08,0.9999059265328798,7.574823199409213e-05,1.827711186543738e-05,True
a3211c59-f2c0-402c-9264-b663d2a84b69___FAM_B.Msls 1839.JPG,Esca,Esca,1.383171191756835e-06,0.9991619694187517,0.00035926401793158003,0.00047738339212510984,True
a3924405-5ec6-454a-81db-eaab34a96052___FAM_B.Msls 1184.JPG,Esca,Esca,1.5039288285748045e-07,0.9997885461477861,0.00012409152915150086,8.721193017932312e-05,True
a481749c-81a0-4d65-a41d-cc2008fa5e7a___FAM_B.Msls 4129.JPG,Esca,Esca,3.486600325479036e-07,0.9997120783387169,0.0001976916402370074,8.988136101365966e-05,True
a4b05803-14e4-4551-acb5-ace444f7dac4___FAM_B.Msls 1852.JPG,Esca,Esca,0.059267459302900935,0.9213506386574143,0.003787510735248517,0.015594391304436385,True
a5c19696-e040-4864-941d-74b4cd774ee4___FAM_B.Msls 4363.JPG,Esca,Esca,0.004821126129000759,0.9944412494542246,8.744654202457757e-05,0.0006501778747501328,True
a6183ab0-4b4a-4b00-ba1c-f8fd75aae97c___FAM_B.Msls 1846.JPG,Esca,Esca,1.169968244067377e-07,0.9998569650614175,0.00011832839262855175,2.4589549129448982e-05,True
a75dac74-44d7-4fea-9b98-0c10b87ea7b9___FAM_B.Msls 1270.JPG,Esca,Esca,1.5386955854251326e-06,0.9991622988334234,0.00031075017732637493,0.0005254122936647596,True
aa84c232-fb90-4c59-89a8-5911dbe4f5a0___FAM_B.Msls 4214.JPG,Esca,Esca,9.685614962069333e-08,0.9998252501790642,9.755552818926866e-05,7.709743659685857e-05,True
ab311649-286e-45bd-90c8-85d5b89ff2a0___FAM_B.Msls 0910.JPG,Esca,Esca,0.011677788499707995,0.9768810851251363,0.002553458738193215,0.00888766763696265,True
ab8a8cb6-8fd5-4bb4-934a-a37dabacd13b___FAM_B.Msls 1877.JPG,Esca,Esca,0.008038495348847234,0.9884230363042871,0.0006501781903800452,0.002888290156485577,True
ab916331-4f8d-4993-a333-85503ad30362___FAM_B.Msls 4165.JPG,Esca,Esca,1.6482266678205593e-08,0.9999312388742438,4.214600500002026e-05,2.659863848916362e-05,True
ad30ef01-cf78-4852-935b-af9d68417071___FAM_B.Msls 1168.JPG,Esca,Esca,3.027623660730738e-08,0.9998876621680612,3.74274981988783e-05,7.488005750310151e-05,True
ae8da35b-167a-4121-a2b6-6eac31019a32___FAM_B.Msls 3972.JPG,Esca,Esca,5.135403169194432e-06,0.9982038295804251,0.0007120519106941139,0.0010789831057115762,True
ae9eae88-91a7-4762-8a7e-8edf3c73768d___FAM_B.Msls 1001.JPG,Esca,Esca,1.207065858890279e-07,0.999861181647055,0.00011852079532839999,2.0176851030841502e-05,True
af5b6bad-2b57-4337-83de-b1efb21f0282___FAM_B.Msls 4272.JPG,Esca,Esca,2.1979799979796153e-06,0.9989781143501472,0.0004952819935685745,0.0005244056762862654,True
af874436-214a-4670-9244-3cbf9036a035___FAM_B.Msls 4076.JPG,Esca,Esca,2.438004712943513e-07,0.9997116638429207,0.00015444025153947238,0.00013365210506851018,True
afca0404-11b1-4b5f-8e10-92d578903ef4___FAM_B.Msls 1119.JPG,Esca,Esca,1.1005707454412943e-07,0.9998640082563509,0.000112960601732966,2.292108484138574e-05,True
b096abb4-3ee6-472f-a6c5-106708e438ff___FAM_B.Msls 1004.JPG,Esca,Esca,5.973058241034372e-06,0.9981234238077815,0.0008080256597571102,0.001062577474220472,True
b18a5f5f-1d42-433b-ab66-7f63ef18ca2b___FAM_B.Msls 4015.JPG,Esca,Esca,1.739502659056526e-05,0.9964159968069188,0.001414320860760196,0.002152287305730359,True
b32b1e1d-a0e4-4959-bd2d-89710def27a6___FAM_B.Msls 1053.JPG,Esca,Esca,3.9478943325453616e-07,0.9997611339835436,0.00021101460754923066,2.7456619473782342e-05,True
b3b40eba-e9a9-436b-9fd4-8d2dbed44fad___FAM_B.Msls 4309.JPG,Esca,Esca,1.5893306183799844e-07,0.9998432525298607,7.35928787679269e-05,8.29956583096006e-05,True
b4865ce8-8ed7-4993-87f1-c8f0c2840248___FAM_B.Msls 4041.JPG,Esca,Esca,1.686805270155079e-05,0.9962621448546791,0.001310221889053938,0.0024107652035655165,True
b4b43ac8-f6d6-4ece-8a7b-0991927992b8___FAM_B.Msls 1077.JPG,Esca,Esca,2.520046948735057e-06,0.9991011984693835,0.000256543897368104,0.0006397375862996935,True
b5cd7194-ba06-4fd5-a24c-4c384f49e65b___FAM_B.Msls 4232.JPG,Esca,Esca,9.310661913323253e-08,0.9998141209021144,8.514492309126084e-05,0.0001006410681753875,True
b73462d3-e595-4cbe-93ec-5c755a0de73d___FAM_B.Msls 0945.JPG,Esca,Esca,1.8833966661259176e-06,0.9993934580446057,0.00048508193896297096,0.00011957661976543236,True
b7c11789-fbc0-4fab-bc35-d049e74c8ee7___FAM_B.Msls 0874.JPG,Esca,Esca,1.3574118268569615e-06,0.9992485886647001,0.0002306996005534285,0.000519354322919501,True
b90c684d-49c7-4e9f-88a2-8b8b726f4b90___FAM_B.Msls 3862.JPG,Esca,Esca,8.7774928681677e-06,0.9977906893073603,0.00030470756627202963,0.0018958256334994585,True
ba941513-ca40-4291-8312-2728ac7b17cb___FAM_B.Msls 1006.JPG,Esca,Esca,1.1840761161179514e-07,0.9998575248075124,0.00011869750684481721,2.365927803104704e-05,True
bccb0d63-23d0-4616-b045-73fd6bb1df0d___FAM_B.Msls 1183.JPG,Esca,Esca,3.303937592025952e-07,0.9997555971697576,0.00019296599348598873,5.110644299733768e-05,True
bd2b90ce-dd82-4819-91ec-4dea2a08f696___FAM_B.Msls 4125.JPG,Esca,Esca,9.463257147062044e-07,0.9994815398627312,0.00035156942802876855,0.00016594438352507323,True
bf607e80-310a-4111-8ca1-30ba05d06d47___FAM_B.Msls 3919.JPG,Esca,Esca,1.3581378967198864e-07,0.9997900773398816,0.00011417117178841162,9.561567454034823e-05,True
bff82ef7-9721-487a-9622-8518213526a4___FAM_B.Msls 4233.JPG,Esca,Esca,1.987453475482119e-06,0.9993676080268568,0.000488206302804946,0.0001421982168628479,True
c00ce9a9-0b56-40cd-abd1-c415a159a736___FAM_B.Msls 3997.JPG,Esca,Esca,2.3776887701605727e-06,0.9991895475150437,0.0005732643565880866,0.00023481043959784986,True
c0ebc0c5-a66a-4395-8d7f-e28793137660___FAM_B.Msls 1113.JPG,Esca,Esca,9.963449718753653e-08,0.9998580352915528,0.00010823468243902594,3.3630391511073196e-05,True
c1015ba9-4629-43eb-90a2-accfed27b787___FAM_B.Msls 1830.JPG,Esca,Esca,0.0013963097777908173,0.9969315378832211,0.00046241786687109304,0.0012097344721170224,True
c192a2be-38bb-4340-a0df-d7f74d0c85de___FAM_B.Msls 3982.JPG,Esca,Esca,2.3830848064104924e-07,0.9997433571257166,0.00015944360110167793,9.696096470104807e-05,True
c1d4a89c-d1b9-4363-9b2e-d1e5a6b04062___FAM_B.Msls 0994.JPG,Esca,Esca,2.855203152004393e-07,0.9998702673131572,7.558669485506223e-05,5.3860471672484696e-05,True
c26ad9b9-bc59-4cf1-93d3-630fba7ee460___FAM_B.Msls 4187.JPG,Esca,Esca,1.8728526644024925e-07,0.9997750731320074,0.0001385022180236508,8.623736470235852e-05,True
c2b1ba42-7911-4013-93ed-111745171f0a___FAM_B.Msls 4386.JPG,Esca,Esca,4.975401599770793e-07,0.9995403404371145,0.0001416794523093296,0.00031748257041628675,True
c449f5bb-9b5e-40f9-925e-63305a6f8c3f___FAM_B.Msls 1091.JPG,Esca,Esca,5.792464741546416e-08,0.9998596238118931,7.117724312068867e-05,6.91410203387151e-05,True
c6cd3552-c1c5-430b-a45c-7a6dfdacbac3___FAM_B.Msls 1736.JPG,Esca,Esca,0.01982368190202208,0.9656468734351891,0.0010549165687101397,0.013474528094079044,True
c842ee54-3460-4998-816e-72c1def7fd8b___FAM_B.Msls 1145.JPG,Esca,Esca,4.2801892363866707e-08,0.9998671963228918,4.9074431408454585e-05,8.368644380723208e-05,True
ca1fd8c8-651f-4301-b3b6-a669dc020422___FAM_B.Msls 4224.JPG,Esca,Esca,8.425826897295153e-08,0.9998461454792426,9.412345266947514e-05,5.964680981889281e-05,True
ca2e1a39-3d21-4400-b11c-f4221e46e957___FAM_B.Msls 4401.JPG,Esca,Esca,2.6248567808671215e-07,0.9996547316856137,0.00012353893209124237,0.0002214668966170385,True
cc40d22e-41ff-433f-a36f-57cd9dab83c3___FAM_B.Msls 4093.JPG,Esca,Esca,2.264144397802717e-08,0.9999211347049496,4.946687958848215e-05,2.9375774017848746e-05,True
cc7aef78-dc8b-4116-a0ba-e704667acece___FAM_B.Msls 1801.JPG,Esca,Esca,5.9372808445884e-07,0.9996234616234242,0.00025665865982393425,0.00011928598866721497,True
cd0ddfc3-f4aa-469e-8d8a-d38dcfad93cc___FAM_B.Msls 1758.JPG,Esca,Esca,1.1254623863473256e-06,0.9997720964702531,0.00013495510170814538,9.182296565241194e-05,True
cd837043-ba7c-4499-b266-a821dc1b83d2___FAM_B.Msls 1807.JPG,Esca,Esca,8.036456201925656e-06,0.9978588788319862,0.0009350970166874876,0.0011979876951243177,True
cf923fe2-5721-4594-b77f-5918fcf744ee___FAM_B.Msls 0845.JPG,Esca,Esca,2.6063346695526137e-08,0.9998973124956092,4.074469189378206e-05,6.191674915021527e-05,True
d06da1d8-67c0-44d5-b34d-ee74a4602138___FAM_B.Msls 1868.JPG,Esca,Esca,0.0021950985676698225,0.9949000433782306,0.0005985161845684825,0.0023063418695313275,True
d0f85383-4cd9-4562-9978-206cbbf7d22a___FAM_B.Msls 1876.JPG,Esca,Esca,0.02805128878424204,0.9589915708729118,0.0021913226463179747,0.010765817696528127,True
d235c093-08ec-48ab-87b0-0852d878e920___FAM_B.Msls 1244.JPG,Esca,Esca,8.687176110786308e-07,0.9995140176413014,0.000313162587419151,0.00017195105366835922,True
d283be4c-a249-4ae1-9134-5c7e7f761fe3___FAM_B.Msls 4469.JPG,Esca,Esca,6.916784913612158e-07,0.9994378032212811,0.00010258431021131453,0.00045892079001623204,True
d2c649a3-29f5-4324-bb68-b10c4de79b9d___FAM_B.Msls 1799.JPG,Esca,Esca,3.6810245870255913e-06,0.998585696815738,0.0006096798498145277,0.0008009423098603334,True
d439819a-7863-48da-aec8-95a8bd45bf99___FAM_B.Msls 1028.JPG,Esca,Esca,2.634759579160465e-07,0.9996572971534472,0.00013364769551787675,0.00020879167507719312,True
d59bea04-30f0-41fe-ab07-e377815816c3___FAM_B.Msls 4018.JPG,Esca,Esca,3.285706662204033e-07,0.9996862296625291,0.0001644383565370697,0.00014900341026773215,True
d6866b19-3ef9-4989-a4e0-e9b69d6dc5da___FAM_B.Msls 4221.JPG,Esca,Esca,1.5429175868405874e-07,0.9997957858874152,0.0001308301907271004,7.322963009894912e-05,True
d6d55694-3887-46aa-9dc6-e6dbee509343___FAM_B.Msls 4296.JPG,Esca,Esca,5.0683915620982e-08,0.9998648992183007,4.29561253348483e-05,9.209397244877241e-05,True
d8206850-807e-453c-9230-be4338a85f9d___FAM_B.Msls 4030.JPG,Esca,Esca,1.7490652357298627e-07,0.9998215518343929,0.00014153406923239251,3.673918985094905e-05,True
d98dd678-86d3-4a34-bb76-da21ec123a70___FAM_B.Msls 4226.JPG,Esca,Esca,1.9385977675967905e-08,0.9999257563450411,4.55236092847621e-05,2.8700659696263033e-05,True
db29b18d-163d-4566-81cb-1242ba4fb0c8___FAM_B.Msls 1012.JPG,Esca,Esca,5.8232471857869036e-08,0.9999015812005843,5.6116613169118374e-05,4.224395377477041e-05,True
dce37f12-02c9-4bbd-a140-3410df07724b___FAM_B.Msls 1354.JPG,Esca,Esca,1.5815793063304573e-06,0.9996753483177877,4.393880901480294e-05,0.0002791312938912981,True
dd48c60e-0d52-41c3-b1a9-9fe110afcb78___FAM_B.Msls 1207.JPG,Esca,Esca,1.268830996640272e-06,0.9994882341031481,0.0002412933159693982,0.00026920374988580805,True
de99b05b-3c54-41b1-b4bf-fc548de17675___FAM_B.Msls 3823.JPG,Esca,Esca,6.18872910279905e-08,0.9998976758763084,8.573452054206002e-05,1.6527715858650104e-05,True
dead31a7-e533-413b-abb1-73a687145bbe___FAM_B.Msls 0827.JPG,Esca,Esca,1.1896933265265343e-05,0.9977935495917718,0.0006245786969563139,0.0015699747780065984,True
decd47b1-34d6-40f8-94d3-2fcaba5ea7d2___FAM_B.Msls 4388.JPG,Esca,Esca,1.0806147586440252e-06,0.9994441483501986,3.3896322498552496e-05,0.0005208747125441185,True
df11f62e-738e-4879-b37c-8f6ba65cde0c___FAM_B.Msls 1129.JPG,Esca,Esca,7.05785850326329e-08,0.9998382758328024,7.71301101643453e-05,8.452347844838279e-05,True
e460685d-6204-4f40-bae4-74fc001e2dae___FAM_B.Msls 4025.JPG,Esca,Esca,0.0014785403444107397,0.9941307294691573,0.0015423899144004014,0.0028483402720315535,True
e4b39784-a3a9-4c27-b265-03a3f30e04ef___FAM_B.Msls 1818.JPG,Esca,Esca,8.402085722302776e-08,0.9998639080796593,9.723005304291415e-05,3.877784644053979e-05,True
e518814c-da2c-40c0-856a-a3d43c1e404b___FAM_B.Msls 3980.JPG,Esca,Esca,5.996467390719075e-08,0.9998688764367775,7.933667073872811e-05,5.172692780969816e-05,True
e58e8a6b-5bcf-414c-8891-ff7d891ef5f6___FAM_B.Msls 3798.JPG,Esca,Esca,5.55838142854184e-07,0.999534909205425,0.00019867466903569826,0.0002658602873966315,True
e72181bf-4291-4de7-90bc-4ae94e716a04___FAM_B.Msls 4143.JPG,Esca,Esca,1.6150278879772943e-08,0.9999363667067522,4.3166777333903205e-05,2.0450365634963776e-05,True
e7d466cb-8bc3-4b43-9f59-8eea814de5e8___FAM_B.Msls 0959.JPG,Esca,Esca,8.125963151688844e-08,0.9999245014000628,2.9127363788726185e-05,4.62899765168713e-05,True
e8ca95a9-3716-4f7c-a466-b31b4532f835___FAM_B.Msls 1269.JPG,Esca,Esca,1.4374521114875581e-06,0.9991267686461772,0.0003434872701600915,0.0005283066315513602,True
e9074b27-fc6b-428b-81f0-53aa32111ba6___FAM_B.Msls 4400.JPG,Esca,Esca,2.613031133386823e-07,0.9996840890284959,5.881886400458462e-05,0.00025683080438598853,True
e923c5ba-9751-49d2-bd83-c8caa16c3f26___FAM_B.Msls 4318.JPG,Esca,Esca,0.0012623041856324707,0.99842610136807,3.89993154684775e-05,0.00027259513082914476,True
eb6f0cb7-781d-4b62-865f-ed7251ccbdf7___FAM_B.Msls 4009.JPG,Esca,Esca,7.50072559053183e-08,0.9998630646631961,9.052388568936832e-05,4.633644385859637e-05,True
eb7eb704-11ad-409c-a94d-94ff35a091ba___FAM_B.Msls 4415.JPG,Esca,Esca,7.958032032757342e-08,0.9998239485893216,3.5224567486804815e-05,0.00014074726287119146,True
eb8e982f-0162-48a9-b989-3e523ad702a3___FAM_B.Msls 1252.JPG,Esca,Esca,7.324578823735841e-08,0.9998785265610691,9.322656608995407e-05,2.817362705275971e-05,True
ebaef57f-4abf-4f25-8434-c94e4658a2d3___FAM_B.Msls 3825.JPG,Esca,Esca,2.101648790543882e-07,0.9998253613382807,0.00015471235565550086,1.9716141184771125e-05,True
ec930fce-3e79-45eb-a0bb-af2acce81c11___FAM_B.Msls 3846.JPG,Esca,Esca,2.09490805132597e-07,0.9997736709730077,0.00015127659321647997,7.484294297080838e-05,True
ecc16a7d-48b2-4fd5-b460-65d2dd488990___FAM_B.Msls 1079.JPG,Esca,Esca,2.138960540124445e-06,0.9988652450366264,0.00039151630934724173,0.000741099693486044,True
ecccbe4f-a1c1-4359-8059-8085dcf199ad___FAM_B.Msls 4105.JPG,Esca,Esca,6.053407257438836e-08,0.9998689170896878,8.311909676510313e-05,4.790327947453985e-05,True
ed99773d-d7ad-4d6d-a114-5311a02d0fda___FAM_B.Msls 1875.JPG,Esca,Esca,0.25614049167796377,0.7345953985107704,0.001819065056480381,0.007445044754785865,True
ee28de90-ddd7-4a93-8a4d-d3320d6590ea___FAM_B.Msls 4442.JPG,Esca,Esca,5.2702605394877014e-08,0.9998632190128066,6.860345445084041e-05,6.812483013710054e-05,True
ee6d868f-c7a2-400c-aa5e-2e8adeae885a___FAM_B.Msls 4159.JPG,Esca,Esca,2.005678931311535e-06,0.9989910070403558,0.0004418025448750537,0.0005651847358377122,True
f14f2685-988b-4f16-bb93-b6ba0bf511d4___FAM_B.Msls 1107.JPG,Esca,Esca,1.1167254290532081e-06,0.9995272396711269,0.0003561081741709483,0.00011553542927328914,True
f16c6e21-179e-4c4f-b23e-e7c7bd31815e___FAM_B.Msls 1301.JPG,Esca,Esca,1.508085386943118e-06,0.9996148596599567,0.00015587873795795633,0.000227753516698337,True
f17a309c-7c2c-4af2-9241-554535e7f857___FAM_B.Msls 4217.JPG,Esca,Esca,1.9846649231253285e-08,0.999919815159967,4.4235543283819075e-05,3.592945010003448e-05,True
f1f2742f-8047-41b1-b852-55ccae76e034___FAM_B.Msls 4373.JPG,Esca,Esca,2.9129715424763434e-08,0.9998952879674934,4.781686403790474e-05,5.686603875329017e-05,True
f21538e8-7615-4629-9bcd-3ad47cc60c42___FAM_B.Msls 4465.JPG,Esca,Esca,9.035941553907711e-07,0.9995355101944384,4.6010323243201555e-05,0.00041757588816300874,True
f2164022-24f0-4d1f-97dd-63ca568372e9___FAM_B.Msls 1167.JPG,Esca,Esca,3.018774602818053e-08,0.9999017545308042,5.376359302005232e-05,4.445168842989935e-05,True
f5f44cb5-a535-4e04-a872-e961cffcdd4a___FAM_B.Msls 4328.JPG,Esca,Esca,1.00650931547846e-06,0.9997529058503534,5.668330816775101e-05,0.0001894043321633185,True
f6a14f82-c522-43b3-b371-4872f1b569c6___FAM_B.Msls 0907.JPG,Esca,Esca,0.014160675281742424,0.9653326856910224,0.0035187698973189554,0.016987869129916133,True
f8ede950-6e0f-414d-9c9d-2b38c3a3a6ad___FAM_B.Msls 4222.JPG,Esca,Esca,4.6520893094727777e-08,0.9998803713666211,6.833604284156389e-05,5.124606964417328e-05,True
fb1fddab-023e-4dc5-aff7-5db33c755b50___FAM_B.Msls 0839.JPG,Esca,Esca,5.768339147228007e-07,0.999505048338225,0.00017356500132381078,0.00032080982653643367,True
fcc49391-8e58-4642-ba24-dbdc21948983___FAM_B.Msls 0862.JPG,Esca,Black_rot,0.5915709968340572,0.40319190036693564,0.0022369573600633727,0.0030001454389437304,False
fd4a5af2-ae23-44a8-a18e-44e5cda6d683___FAM_B.Msls 3976.JPG,Esca,Esca,1.2075880007907923e-07,0.999801114367307,0.00010944798329531787,8.931689059765744e-05,True
fda9b856-d033-436f-b5ff-5afa3cdd0132___FAM_B.Msls 3998.JPG,Esca,Esca,1.8805222894762933e-06,0.9991344915375289,0.0004645239219637622,0.0003991040182178051,True
0163a6aa-fbf8-47c5-965f-59b6efe8bfe5___Mt.N.V_HL 6103.JPG,Healthy,Healthy,0.0003702355538943933,0.0007378985458698098,0.9982094578796366,0.0006824080205991099,True
07d28aaf-09ea-4223-9a65-88ef49e54924___Mt.N.V_HL 9121.JPG,Healthy,Healthy,0.007058792093514652,0.002139355049054299,0.9897171495655331,0.001084703291897896,True
0cd6cdbd-1674-4abb-b734-756da4994cd0___Mt.N.V_HL 6052.JPG,Healthy,Healthy,0.016202330114274337,0.0018760665445581933,0.9782257361616525,0.0036958671795145667,True
0ec29818-c70e-4586-9481-3201a67b7910___Mt.N.V_HL 6175.JPG,Healthy,Healthy,0.0014351135615737539,0.0008284842457778004,0.9968008299088418,0.000935572283806875,True
103b436c-40f5-40e7-b292-ae1bc619e194___Mt.N.V_HL 6084.JPG,Healthy,Healthy,0.0007832336912224099,0.0011240347482054614,0.9962977172999382,0.0017950142606338127,True
116c65e1-9d66-4aee-b151-6b8cd8319c2d___Mt.N.V_HL 9106.JPG,Healthy,Healthy,0.0011417348386686295,0.0008373207996716966,0.9973421424458325,0.0006788019158270623,True
1180dbb8-4509-4f56-a5f6-15ceac163ff9___Mt.N.V_HL 8928.JPG,Healthy,Healthy,0.0025369202427915306,0.001172794895529543,0.9954047867066459,0.0008854981550332601,True
11a9b188-754b-45b5-a498-590bfdeb2643___Mt.N.V_HL 6159.JPG,Healthy,Healthy,0.0003680390716503933,0.0006584132700190386,0.9983116202064709,0.0006619274518595784,True
11c32403-6d55-4f16-8c16-fae9c04a9920___Mt.N.V_HL 9008.JPG,Healthy,Healthy,0.0010699679147909012,0.001104066361856593,0.9973281742731264,0.0004977914502259214,True
12ad3257-385c-43f3-bed7-629d15c7d581___Mt.N.V_HL 6104.JPG,Healthy,Healthy,0.00021598986865258054,0.0008087604361359962,0.9979946574937933,0.0009805922014180545,True
14014978-72c9-49a4-949d-4fd1e9998dda___Mt.N.V_HL 8976.JPG,Healthy,Healthy,0.001498675089918627,0.0012330299467028596,0.9966946867525115,0.0005736082108671008,True
14ffc2c7-87a8-4419-a250-a46593684397___Mt.N.V_HL 6095.JPG,Healthy,Healthy,0.01197123487618452,0.001703728019258153,0.9849535246499569,0.0013715124546003572,True
1665e179-a04d-4c61-8a64-d228e0344b62___Mt.N.V_HL 6073.JPG,Healthy,Healthy,4.98371256339072e-07,2.752663341298523e-07,0.9998025557233989,0.00019667063901069608,True
18db578d-ab6c-4469-8e07-01d8c211a91f___Mt.N.V_HL 8983.JPG,Healthy,Healthy,0.0025455388977127023,0.001381276031257612,0.9953503152784385,0.0007228697925913385,True
215c8317-c0ca-4b35-9ac2-28e01712e367___Mt.N.V_HL 8914.JPG,Healthy,Healthy,1.0274517877907184e-06,6.424424626077807e-07,0.9998243531262745,0.00017397697947505147,True
2211cfa2-311c-41f0-aba5-9bdef8037f20___Mt.N.V_HL 6051.JPG,Healthy,Healthy,0.006635085437033937,0.0010281366648349126,0.9902620412335039,0.0020747366646274314,True
25180138-3b60-452e-ac9c-70b664d315e8___Mt.N.V_HL 8988.JPG,Healthy,Healthy,0.004168108856770638,0.0016912780976412359,0.992621360546928,0.0015192524986602683,True
2535a8a8-1676-482d-bf8e-6f4c54f87fc6___Mt.N.V_HL 6080.JPG,Healthy,Healthy,0.0004441912084294502,0.000711126734964328,0.9978808667561339,0.0009638153004724311,True
2b4a92e2-a039-45eb-ad1a-ee9914dfeefe___Mt.N.V_HL 6177.JPG,Healthy,Healthy,0.018628025570250218,0.002972961161259958,0.9740095075160109,0.004389505752479075,True
2bd2ff11-36dc-43ec-888c-efa38601ef88___Mt.N.V_HL 8907.JPG,Healthy,Healthy,0.0003243057599398392,0.0008228034021406885,0.9982686000975355,0.0005842907403837141,True
2e7eb5d4-9e80-4db5-9b59-6414fa90d1c7___Mt.N.V_HL 8903.JPG,Healthy,Healthy,1.0181152619401814e-06,6.228296381106458e-07,0.9998137152364647,0.0001846438186353498,True
394d4600-121b-4ecb-9c34-c70f8e3e0377___Mt.N.V_HL 9047.JPG,Healthy,Healthy,0.002111733433650046,0.0006555899464119916,0.9969079235552577,0.0003247530646804986,True
3c593da4-e1df-460c-98a9-2bc71df670d5___Mt.N.V_HL 8970.JPG,Healthy,Healthy,1.249458455618012e-06,7.546408743442689e-07,0.9998472589206882,0.0001507369799817012,True
40802018-54d4-4be9-8dd3-0856e6dac368___Mt.N.V_HL 9050.JPG,Healthy,Healthy,0.007499258158338476,0.000776299217822894,0.9908893264047051,0.0008351162191335782,True
41506a32-a472-4ca3-a8e0-4980c179096b___Mt.N.V_HL 6206.JPG,Healthy,Healthy,0.0006285798372980887,0.0012869959971347456,0.9962370226814693,0.0018474014840980087,True
41b69ecd-4f54-4601-981e-8e5659f4ab76___Mt.N.V_HL 9071.JPG,Healthy,Healthy,0.0010427334973335078,0.0007215245739798921,0.997773308364669,0.0004624335640176141,True
4bd0c235-94b2-4d5d-a76e-58df595e7802___Mt.N.V_HL 6032.JPG,Healthy,Healthy,0.00156816210343782,0.0010374099016867671,0.9955200097834042,0.001874418211471067,True
4e284d07-22f2-460c-b43e-53469538a8cb___Mt.N.V_HL 6146.JPG,Healthy,Healthy,0.0026134609186356235,0.0015725817874068981,0.9938297709239476,0.001984186370009737,True
55b69a06-7f10-41b1-8033-cc9e6c2bea5c___Mt.N.V_HL 8949.JPG,Healthy,Healthy,0.001449111110725974,0.0017936793572332422,0.9949719216350064,0.0017852878970345662,True
580e79e8-9e89-41c8-930c-bd3eafb818b2___Mt.N.V_HL 6196.JPG,Healthy,Healthy,2.261463200938771e-06,1.109096882047288e-06,0.9993542219443861,0.0006424074955308367,True
5cb0aff8-6889-46d4-b283-da8f77761523___Mt.N.V_HL 8909.JPG,Healthy,Healthy,0.0004343064365097003,0.000985466858292398,0.9981754607602621,0.00040476594493586547,True
61c3750a-b90a-4d1b-b907-8683be4faa13___Mt.N.V_HL 9084.JPG,Healthy,Healthy,0.0009031076914024325,0.0036219997711925372,0.9934569869415908,0.00201790559581423,True
698a1cd5-2ad0-4a76-bb73-65918083df56___Mt.N.V_HL 6160.JPG,Healthy,Healthy,0.002243566924269157,0.0011745046158405021,0.9949661353260207,0.0016157931338694944,True
6cf81f1f-7f6b-4e06-a0b5-c466e840feed___Mt.N.V_HL 8930.JPG,Healthy,Healthy,0.005558017538017889,0.0031660441889079342,0.9553588084612363,0.03591712981183768,True
6de2d606-dc73-4cae-a8f9-e223085e56bd___Mt.N.V_HL 9007.JPG,Healthy,Healthy,0.0006600399458527679,0.0006102824648922035,0.9983436345593875,0.00038604302986791275,True
6ff46c3b-bcbe-4a9b-8286-425cb92cb2ee___Mt.N.V_HL 8947.JPG,Healthy,Healthy,0.005246134446062266,0.0016138113856762886,0.9885383070887033,0.0046017470795583285,True
765ec43d-a790-4470-afc9-ff1ba4eb7214___Mt.N.V_HL 9112.JPG,Healthy,Healthy,1.9486069926721166e-06,1.088922374053595e-06,0.9998655800856943,0.00013138238493915378,True
7c10d5ab-f960-4fa6-a965-8c825df24810___Mt.N.V_HL 9041.JPG,Healthy,Healthy,0.0014595919094274948,0.0021240021158494948,0.9951100644398845,0.0013063415348384128,True
7e72db84-6afb-408b-b0de-d1b16e9a48af___Mt.N.V_HL 6050.JPG,Healthy,Healthy,0.013544742021114746,0.0017204646145484116,0.9816926869377287,0.0030421064266081804,True
81c43511-4903-46db-9022-38c756418f34___Mt.N.V_HL 9124.JPG,Healthy,Healthy,0.0036935254906375974,0.001976990495323648,0.9936254540964082,0.000704029917630699,True
87a06463-e4b9-477b-b294-c2eeb59ba485___Mt.N.V_HL 9006.JPG,Healthy,Healthy,0.004050125854456448,0.0022794698625719055,0.9813276858421498,0.01234271844082211,True
87d84f4b-0dfa-46f5-9bf9-87b3bb636d65___Mt.N.V_HL 6038.JPG,Healthy,Healthy,0.0007378111816095771,0.0008157685770269594,0.9972009789900215,0.0012454412513417318,True
8a5dff69-180d-4a14-b8e1-b9e1374202c5___Mt.N.V_HL 6098.JPG,Healthy,Healthy,0.01093920840371536,0.0024152825685600527,0.984940868284444,0.0017046407432804867,True
8af21b75-7158-4286-acdf-ef35cf54fe26___Mt.N.V_HL 6116.JPG,Healthy,Healthy,0.001658504112409291,0.0006396688386699666,0.9969059757371846,0.0007958513117359683,True
8c3b791e-e2e5-4f3b-8183-610458658926___Mt.N.V_HL 8982.JPG,Healthy,Healthy,0.009545751323681493,0.0037502721586519187,0.9795403952322252,0.007163581285441318,True
8e9f476c-e7ea-496e-a367-d384d1be2654___Mt.N.V_HL 8995.JPG,Healthy,Healthy,0.0009852696385227037,0.0010152873563213955,0.9972124338189625,0.000787009186193655,True
8fab615a-502c-4044-b863-459b04a70158___Mt.N.V_HL 8990.JPG,Healthy,Healthy,0.0013747694571467546,0.0014082482419351307,0.9964391532881166,0.0007778290128014315,True
944da534-67c1-4f04-8fa7-1e11492736ed___Mt.N.V_HL 6186.JPG,Healthy,Healthy,0.0005636196952605698,0.001004520463508929,0.9964005860864674,0.0020312737547627064,True
97c0552c-1cd6-4813-9608-3735b9867f98___Mt.N.V_HL 6046.JPG,Healthy,Healthy,0.18203519860443465,0.007380340011741392,0.8027106837261078,0.007873777657716336,True
98a433ea-a772-4549-8539-fa96e54bfffc___Mt.N.V_HL 6088.JPG,Healthy,Healthy,0.027189848982016703,0.007349204254991847,0.9592044315450423,0.006256515217949334,True
99edf5b5-3b65-47bc-8eb9-c9ff2582a28d___Mt.N.V_HL 8972.JPG,Healthy,Healthy,0.0008874350097378495,0.0006548096223156515,0.9981505245464916,0.00030723082145497866,True
9bca2bb8-b017-4d2b-ae0a-257916d55952___Mt.N.V_HL 8937.JPG,Healthy,Healthy,0.0027961342929703563,0.002422185680364554,0.9928478814308137,0.0019337985958515107,True
9d1124c3-4be4-4998-b1f8-92b0d0f699a1___Mt.N.V_HL 8917.JPG,Healthy,Healthy,1.755732952163757e-06,1.1260471239669362e-06,0.999803916996645,0.0001932012232789181,True
9d298426-9f1f-4d43-a568-f38790eaff75___Mt.N.V_HL 9025.JPG,Healthy,Healthy,0.00010154346050330588,0.0009532506120395444,0.9983314007345094,0.0006138051929475024,True
9e6f4d5f-c44a-40f0-bfbc-dcf0ef5f1371___Mt.N.V_HL 8940.JPG,Healthy,Healthy,0.0010126999718000796,0.0007600640669650649,0.9976679715224642,0.0005592644387706473,True
9f569d96-a582-4c82-827a-b4467382cc64___Mt.N.V_HL 9067.JPG,Healthy,Healthy,2.323518653223124e-06,1.385665550940191e-06,0.9996596530158953,0.00033663779990060667,True
a23b47a4-048d-4992-bc61-f3adec202543___Mt.N.V_HL 6113.JPG,Healthy,Healthy,0.03667340789998333,0.007401055195605133,0.9487330057010295,0.007192531203382119,True
a523dc0c-8d71-4bd4-b1c5-13f1b594c882___Mt.N.V_HL 8922.JPG,Healthy,Healthy,9.257168810598403e-07,5.534632958577739e-07,0.9999042925783196,9.422824150346182e-05,True
a58dadba-775a-4053-8261-16a071479d1c___Mt.N.V_HL 9027.JPG,Healthy,Healthy,0.0004076578874577987,0.0006881850745148677,0.9986862680822699,0.00021788895575757162,True
abe2906e-bb00-466f-bf7c-72ef59a5ea82___Mt.N.V_HL 9062.JPG,Healthy,Healthy,0.000473810666409295,0.0007896786448754449,0.9983972911062291,0.0003392195824861186,True
ac00a5c9-0af6-4543-866a-ef4c476c3410___Mt.N.V_HL 6110.JPG,Healthy,Healthy,0.010154214340672305,0.00436441442239049,0.982382578355554,0.003098792881383463,True
ad0a8ced-f3b0-4c21-8ec6-658bcfe9fa2a___Mt.N.V_HL 9034.JPG,Healthy,Healthy,0.001481444329689193,0.001142872443132337,0.9965839363111288,0.0007917469160494744,True
b07129a6-b8b0-4715-b76f-f89bd40c6770___Mt.N.V_HL 8994.JPG,Healthy,Healthy,0.0033703965066509195,0.003355465200010699,0.9912360894808496,0.0020380488124887644,True
b25497ff-4272-43e3-8ead-71b57c676529___Mt.N.V_HL 9087.JPG,Healthy,Healthy,0.0009394692440609032,0.001849724157629546,0.9960387301541708,0.0011720764441388487,True
b556f11d-115a-4bac-8120-05195ac42e1d___Mt.N.V_HL 9123.JPG,Healthy,Healthy,0.0012962869666983757,0.0008088483605327733,0.9975459843258642,0.0003488803469048545,True
b7b4fb14-c350-4c88-8a2c-2e35c239af6a___Mt.N.V_HL 9051.JPG,Healthy,Healthy,0.003054663246575388,0.0024106253274187106,0.9920662774429578,0.0024684339830482282,True
bd7f0429-550b-4e28-95af-98e56b282437___Mt.N.V_HL 6130.JPG,Healthy,Healthy,0.000578004017376115,0.0013951870509939608,0.9964949147375594,0.0015318941940706261,True
c24fe968-c13f-46ca-add1-c03828f54cd3___Mt.N.V_HL 9103.JPG,Healthy,Healthy,0.01448866565285789,0.009846302465099358,0.9464033236697671,0.02926170821227558,True
ca0f32cb-25b3-4dcc-887f-fa4753c25ed5___Mt.N.V_HL 8998.JPG,Healthy,Healthy,0.006306399026017091,0.0019037847688866852,0.9886006899266262,0.003189126278469995,True
cd71e97d-cc73-4fdd-b625-c735844c3ce7___Mt.N.V_HL 6185.JPG,Healthy,Healthy,0.005230372350501473,0.0016426759551481807,0.9910258863615846,0.002101065332765777,True
cec7f924-af25-4461-9ef2-6a9525ac6513___Mt.N.V_HL 6029.JPG,Healthy,Healthy,0.0007730244072020753,0.000798626296958341,0.997450545012536,0.0009778042833035858,True
d68b653c-4fe7-49ee-80d4-1f0c84092242___Mt.N.V_HL 6077.JPG,Healthy,Healthy,3.656621618254863e-06,2.307765283090561e-06,0.9993355851931135,0.0006584504199850557,True
d7523938-e65a-469b-bf29-656e05bfde99___Mt.N.V_HL 9046.JPG,Healthy,Healthy,1.2695577751917692e-06,7.142514811644231e-07,0.9997674059566228,0.00023061023412074483,True
daf0e2e3-1d2b-4fcf-9dba-1ffa7605766e___Mt.N.V_HL 6210.JPG,Healthy,Healthy,0.0021145268924499683,0.002415313998894059,0.9918885677451853,0.0035815913634703964,True
e6073510-a72b-441c-9b8a-a2de063a54a4___Mt.N.V_HL 6093.JPG,Healthy,Healthy,0.01036377171014294,0.0013164731789448677,0.9871111390764784,0.0012086160344336539,True
e97052d8-edd8-4e09-bdbb-c1c312d2c833___Mt.N.V_HL 8926.JPG,Healthy,Healthy,0.0010434600030637341,0.0007409393654813604,0.9965946285629618,0.001620972068492942,True
eaf9de03-6ec6-453b-9cd1-38d5d3337ea3___Mt.N.V_HL 8951.JPG,Healthy,Healthy,0.00046922178834514006,0.0009446878039203606,0.998090613430437,0.0004954769772974748,True
ec1a4297-7055-4ff3-9635-de6f5b2b6533___Mt.N.V_HL 9013.JPG,Healthy,Healthy,0.0012165868441567685,0.0008089673460462017,0.9974550717026768,0.000519374107120277,True
edaa5185-4c46-42f4-98c9-cb17830c6fcf___Mt.N.V_HL 8977.JPG,Healthy,Healthy,0.00048630295857590104,0.0006641748509452673,0.9986280247062478,0.00022149748423094443,True
f207869a-fff0-4339-9910-f381524c4599___Mt.N.V_HL 9125.JPG,Healthy,Healthy,0.0035063041148492412,0.001205949387020465,0.9947294536260098,0.0005582928721203283,True
f2c0965b-9c08-4e34-98e2-fbf310ae2ef8___Mt.N.V_HL 9038.JPG,Healthy,Healthy,1.6924155135253755e-06,1.0343775314846264e-06,0.9998211028086657,0.0001761703982894207,True
f436f07c-ff87-4871-b712-5f282912f70c___Mt.N.V_HL 6180.JPG,Healthy,Healthy,0.0035586778482867205,0.0026805038087790462,0.9902967594080836,0.003464058934850751,True
f7c74956-3e0c-4669-b313-bf6e4559a91d___Mt.N.V_HL 9086.JPG,Healthy,Healthy,0.0029152513523836025,0.002550438904747829,0.9928704161895126,0.0016638935533557807,True
f8f6d1ee-deb5-4b3c-a92e-2583e2d6d590___Mt.N.V_HL 6122.JPG,Healthy,Healthy,0.002057046160622999,0.0011949088934088638,0.9955201602009321,0.0012278847450360728,True
fabd2864-3431-4f44-b3bf-fa3af593fe05___Mt.N.V_HL 9002.JPG,Healthy,Healthy,0.0010985704589325466,0.0008228589145628346,0.9976843151851855,0.00039425544131930986,True
019e7c07-16e3-4584-baba-5d38defdfb2a___FAM_L.Blight 4742.JPG,Leaf_blight,Leaf_blight,9.41814614371995e-07,1.3204110739737712e-06,4.785865276248323e-07,0.9999972591877839,True
0231ac9c-05aa-4710-8753-819c721b29b5___FAM_L.Blight 4639.JPG,Leaf_blight,Leaf_blight,6.796808814949996e-07,8.570684355335589e-07,3.1461426859365014e-07,0.9999981486364143,True
06c943c3-7c61-46ec-a6ce-5c8f0536d2b4___FAM_L.Blight 1459.JPG,Leaf_blight,Leaf_blight,0.002164970053143901,0.0016805385981699635,0.00011230672779959294,0.9960421846208866,True
0771072b-cb0a-4ce9-b18a-cb9c654355e5___FAM_L.Blight 3752.JPG,Leaf_blight,Leaf_blight,3.9469725933090196e-07,4.5072433299905365e-07,1.7648056979286472e-07,0.9999989780978378,True
09fa9fa8-7274-4abb-a999-3ba8999af0a9___FAM_L.Blight 1584.JPG,Leaf_blight,Leaf_blight,1.6051551797177194e-06,2.046555385185855e-06,7.800518785742925e-07,0.9999955682375565,True
0bdc5e46-cdfc-4e14-910a-dbdb3841634d___FAM_L.Blight 4784.JPG,Leaf_blight,Leaf_blight,0.00019744333974251608,0.00020505383017728468,0.00045673027140048723,0.9991407725586796,True
0e4eb45c-721c-49ee-8df6-b4f1508bedfd___FAM_L.Blight 1533.JPG,Leaf_blight,Leaf_blight,0.001892275605525193,0.0018767701319480868,9.76161350342933e-05,0.9961333381274925,True
10473db7-4efd-4620-80a1-7f7183b1481f___FAM_L.Blight 1578.JPG,Leaf_blight,Leaf_blight,0.017093847128623222,0.017933387602469035,0.0052724247036929845,0.9597003405652148,True
10ee05f6-5440-4b66-9979-2a5491d9ebaa___FAM_L.Blight 1644.JPG,Leaf_blight,Leaf_blight,0.0004953739847072583,0.0017587957420418367,0.0014737196875405235,0.9962721105857103,True
127bfdf9-b583-47c1-b16e-dce2f10c7a22___FAM_L.Blight 4681.JPG,Leaf_blight,Leaf_blight,1.4809573460470105e-06,1.809799882369059e-06,6.967160867309136e-07,0.9999960125266849,True
13afc598-abaf-46a3-ab05-4681d5b9bb20___FAM_L.Blight 4841.JPG,Leaf_blight,Leaf_blight,1.6255320036747018e-07,1.8582990362920673e-07,7.068857580642641e-08,0.9999995809283202,True
14b018c3-0824-435b-8ad2-c1fc73c0ac66___FAM_L.Blight 4783.JPG,Leaf_blight,Leaf_blight,0.00013367053903728723,0.0001946115890615337,0.00045944918836466296,0.9992122686835365,True
17369149-0cbf-433d-9e43-1d8ba375e1d4___FAM_L.Blight 3636.JPG,Leaf_blight,Leaf_blight,3.7256626322258115e-07,2.784271980920992e-07,1.5233385816663624e-07,0.9999991966726804,True
1a2da798-3f89-4379-90b0-d04951adb782___FAM_L.Blight 3645.JPG,Leaf_blight,Leaf_blight,0.010461128526403038,0.005296476244836208,0.00047441920341077695,0.9837679760253503,True
1d26a7ba-5ba1-4ac0-a045-b7b6d67f1fdd___FAM_L.Blight 1531.JPG,Leaf_blight,Leaf_blight,0.011871658340210983,0.0035225715687855212,0.00027927070505088185,0.9843264993859527,True
1d79a268-2804-47ce-83fe-b8e3036baa2f___FAM_L.Blight 4780.JPG,Leaf_blight,Leaf_blight,2.528273487598996e-07,3.532577852440356e-07,1.244313659760775e-07,0.9999992694835,True
1def114d-13d9-4e06-ad6e-556fa4137a10___FAM_L.Blight 4665.JPG,Leaf_blight,Leaf_blight,0.0006553451085344166,0.0005388034679051772,0.0004722701596812866,0.9983335812638789,True
1ef3043c-a33f-492e-b873-9eacc52fa9c3___FAM_L.Blight 4594.JPG,Leaf_blight,Leaf_blight,1.0611020406525922e-06,1.0935243079010793e-06,4.6803163094351066e-07,0.9999973773420204,True
258600e9-8638-41b2-9d83-b2cbbecda02c___FAM_L.Blight 1717.JPG,Leaf_blight,Leaf_blight,1.1825283983143926e-06,7.046128339541904e-07,4.201443608310141e-07,0.999997692714407,True
25e2f7a4-cf4a-4d22-8c97-46292ae6d475___FAM_L.Blight 4791.JPG,Leaf_blight,Leaf_blight,4.791522578217352e-06,2.1633718412974108e-06,2.9242205188780403e-06,0.9999901208850617,True
2647944b-ed9e-4480-aa7f-c50eff845679___FAM_L.Blight 4741.JPG,Leaf_blight,Leaf_blight,0.000479566561612053,0.003934319977439814,0.00020279340813174115,0.9953833200528165,True
279adf51-210b-43af-956a-453828159707___FAM_L.Blight 3659.JPG,Leaf_blight,Leaf_blight,0.001083387719367905,0.0010012600695506737,0.0006752544425629602,0.9972400977685182,True
279b02e6-6c6e-43eb-abfa-171cd1bded41___FAM_L.Blight 4548.JPG,Leaf_blight,Leaf_blight,1.4498817526027613e-06,2.0773689396214464e-06,7.790881935176968e-07,0.9999956936611142,True
28cad5b8-7856-4656-81d4-060d8c1f9cda___FAM_L.Blight 3644.JPG,Leaf_blight,Leaf_blight,0.0019572480605965768,0.0003991569634936964,0.00011824032715171538,0.9975253546487576,True
2afbac6f-081c-464d-a001-3107bf2150a6___FAM_L.Blight 1514.JPG,Leaf_blight,Leaf_blight,0.00411495333374501,0.002795876838749499,0.0016247871199161403,0.9914643827075895,True
2b735e09-c466-4d1d-903c-f4ea036225fa___FAM_L.Blight 4703.JPG,Leaf_blight,Leaf_blight,0.0032696068840678692,0.00428297187415602,0.001341845939917706,0.9911055753018584,True
2b82e665-b765-4514-93c9-715a2e452b34___FAM_L.Blight 0791.JPG,Leaf_blight,Leaf_blight,0.0036602404498947247,0.016055494855963758,0.00031584283019557265,0.9799684218639461,True
2bab428e-519b-4e4e-95db-45d88765a486___FAM_L.Blight 4907.JPG,Leaf_blight,Leaf_blight,5.464345286988774e-07,4.502666743057813e-07,2.0126936141017273e-07,0.9999988020294355,True
2c278897-0113-4a1a-b243-1f44deb6e495___FAM_L.Blight 1716.JPG,Leaf_blight,Leaf_blight,3.220321767767902e-07,2.1655968795667462e-07,1.2096334544628348e-07,0.9999993404447898,True
2d17737b-862c-4818-a0e9-01846b582bc2___FAM_L.Blight 4537.JPG,Leaf_blight,Leaf_blight,2.819667930078021e-07,1.655590833207837e-07,1.0543950174219244e-07,0.9999994470346218,True
2e37edec-4bbc-4fe1-bf5c-4cfee149adb5___FAM_L.Blight 0778.JPG,Leaf_blight,Leaf_blight,0.0027393047081266434,0.0014973003201308945,0.0020916894435452373,0.9936717055281974,True
2f24f635-8959-4d9f-bca4-48ece412c3aa___FAM_L.Blight 3697.JPG,Leaf_blight,Leaf_blight,6.521750853518404e-07,4.7028985183179837e-07,2.50144721634099e-07,0.9999986273903411,True
2f69212b-87c5-4d8d-8bd5-a6ecbca6f22b___FAM_L.Blight 1394.JPG,Leaf_blight,Leaf_blight,4.2233428879247814e-07,3.205728957201287e-07,1.6524077090267174e-07,0.9999990918520445,True
2ff2c091-83fe-4537-989c-bbc5fb212913___FAM_L.Blight 4956.JPG,Leaf_blight,Leaf_blight,8.518293829828724e-07,9.75783351229263e-07,3.7339883514755415e-07,0.9999977989884307,True
309e6a97-3736-4546-b77e-8fe5b8945463___FAM_L.Blight 0806.JPG,Leaf_blight,Leaf_blight,0.0003809459194840816,0.0004053473094985721,0.0007350964085824373,0.998478610362435,True
32947471-dbca-4d1a-9bd2-a014ac923790___FAM_L.Blight 1621.JPG,Leaf_blight,Leaf_blight,4.5367484241046084e-07,4.921054245669221e-07,1.9532248021931266e-07,0.9999988588972528,True
337b0af5-ec5d-4935-b661-0b480caa6ea5___FAM_L.Blight 4777.JPG,Leaf_blight,Leaf_blight,0.0008704988007341176,0.0011752780832636235,0.0008904083686092569,0.9970638147473931,True
338dd61a-290b-43e4-9f7d-022bd918aa58___FAM_L.Blight 4949.JPG,Leaf_blight,Leaf_blight,0.00017258496933341812,0.00019819627471181226,0.0008320178115161702,0.9987972009444386,True
347efc0d-b067-4c8a-8ee9-df88b70bbe2d___FAM_L.Blight 4628.JPG,Leaf_blight,Leaf_blight,2.6191491805460487e-07,1.7722935452315922e-07,1.0207290037233898e-07,0.999999458782827,True
34abc5bd-a22d-40f3-a516-05cdf383a39b___FAM_L.Blight 3731.JPG,Leaf_blight,Leaf_blight,1.1929759442034762e-06,1.7386190467189012e-06,6.41509819275344e-07,0.9999964268951897,True
34f0c357-d210-4451-be8c-cf07215268bb___FAM_L.Blight 1478.JPG,Leaf_blight,Leaf_blight,0.014875226287140813,0.014142905302867877,0.0007132732807400653,0.9702685951292512,True
35d01fef-46ec-4a5e-ba92-f2a6c0485fda___FAM_L.Blight 1625.JPG,Leaf_blight,Leaf_blight,1.5285098834839127e-06,2.1886508504931846e-06,7.91621409047825e-07,0.999995491217857,True
380946a0-d5e4-41d5-be2a-ce4850b45506___FAM_L.Blight 4625.JPG,Leaf_blight,Leaf_blight,0.0006089513838605291,0.00149351582694732,0.00018481259474727098,0.9977127201944448,True
3b31ce15-2e27-4d3c-acff-bb2f72204048___FAM_L.Blight 1522.JPG,Leaf_blight,Leaf_blight,0.0026598761663270557,0.0012369535902248174,5.378152086293451e-05,0.9960493887225852,True
3b49b5f5-1066-4913-9eb4-e74b9a21af03___FAM_L.Blight 1364.JPG,Leaf_blight,Leaf_blight,1.9813392905371044e-06,3.220423429436847e-06,1.1690066411878884e-06,0.999993629230639,True
3b8d48cf-bc06-4fd5-a35f-712519b8f7bc___FAM_L.Blight 3648.JPG,Leaf_blight,Leaf_blight,2.312561213574601e-06,2.532739424473554e-06,9.504843728046719e-07,0.9999942042149892,True
3bfbaac1-a8b5-447e-9845-5675b0d17ebf___FAM_L.Blight 4838.JPG,Leaf_blight,Leaf_blight,0.008397890923108003,0.004610309749075153,0.0020247075420584742,0.9849670917857587,True
3ca846ab-fca5-402e-a9fd-813278dfbfe0___FAM_L.Blight 1502.JPG,Leaf_blight,Leaf_blight,0.022370309276118633,0.00998621999828399,0.00027493217495814577,0.9673685385506393,True
3ce64bf3-1d54-4d8e-8f3d-c74edddbfd3d___FAM_L.Blight 4717.JPG,Leaf_blight,Leaf_blight,1.5324539762640082e-06,2.1298296460432695e-06,8.017802397473607e-07,0.999995535936138,True
3e14eb16-4fd0-4c1f-92bb-c3efc01dc35c___FAM_L.Blight 1721.JPG,Leaf_blight,Leaf_blight,2.408249705794574e-06,2.44973388971519e-06,1.024291880095365e-06,0.9999941177245244,True
402e809f-6fed-46a4-bf4d-3a78431c1555___FAM_L.Blight 4577.JPG,Leaf_blight,Leaf_blight,0.004811747052831619,0.005459927535831819,0.00205717136789835,0.9876711540434382,True
411bde08-1f89-4bda-a40e-6aa7c899e97d___FAM_L.Blight 1488.JPG,Leaf_blight,Leaf_blight,0.00024403542287280866,0.0007340407742459066,0.00010571575349052056,0.9989162080493907,True
414a0d83-ecad-424e-aa43-260fc5a45c2a___FAM_L.Blight 1697.JPG,Leaf_blight,Leaf_blight,0.0002656026744720172,0.00035780167467386206,0.0005100046344785447,0.9988665910163759,True
4265a06b-8b7e-43ec-8fd0-7419f4ca9afd___FAM_L.Blight 4801.JPG,Leaf_blight,Leaf_blight,2.5966886839881124e-07,3.475540686579957e-07,1.2473607807614453e-07,0.9999992680409848,True
432f337d-5b28-495e-af5a-38e7f6142600___FAM_L.Blight 1587.JPG,Leaf_blight,Leaf_blight,1.5183240083670706e-06,2.124159363259451e-06,7.758000036703205e-07,0.9999955817166247,True
46c36268-2523-4c8c-bf43-77eb11c4f5e1___FAM_L.Blight 0785.JPG,Leaf_blight,Leaf_blight,3.7252342819497655e-07,2.442471983763667e-07,1.3546942661257589e-07,0.9999992477599469,True
49dab82f-35b3-486d-94c6-cd856b44a19a___FAM_L.Blight 4812.JPG,Leaf_blight,Leaf_blight,6.13585746295341e-07,7.752103419903128e-07,2.847376149530911e-07,0.9999983264662967,True
49dd07b2-ae4e-4e36-928c-a5bdb4577431___FAM_L.Blight 4700.JPG,Leaf_blight,Leaf_blight,0.0003652010228294089,0.0012428982638928716,0.0006512500011650186,0.9977406507121127,True
49e8818b-1902-4d74-9af0-b53ab83d52d0___FAM_L.Blight 4808.JPG,Leaf_blight,Leaf_blight,0.001242940153691604,0.0006898470167302273,0.001544123394539784,0.9965230894350384,True
4aaa189f-d5bc-408a-9c36-13aaed174f16___FAM_L.Blight 3686.JPG,Leaf_blight,Leaf_blight,5.982386358755688e-07,6.453010222985124e-07,2.5632792606927e-07,0.9999985001324159,True
4b45f1a3-1227-4e76-a1a1-7998f1227d08___FAM_L.Blight 1503.JPG,Leaf_blight,Leaf_blight,0.023196076520570923,0.03239933746436893,0.000935027625865381,0.9434695583891947,True
4c08f1e5-825d-4992-8cb7-0ac1bdf38ae2___FAM_L.Blight 1604.JPG,Leaf_blight,Leaf_blight,0.0007923726367161214,0.0016512910280264172,0.00035533921587198975,0.9972009971193854,True
4da71de7-0bd9-455e-ab4b-8459a031fcf6___FAM_L.Blight 4847.JPG,Leaf_blight,Leaf_blight,0.0014279855692700435,0.000869149713582583,6.067213490088486e-05,0.9976421925822466,True
4fb37ee9-170c-4edf-88a1-60f2d0b245be___FAM_L.Blight 1560.JPG,Leaf_blight,Leaf_blight,0.06477151270273836,0.05000500749550868,0.004076432091733608,0.8811470477100194,True
4ffdc46e-9451-4497-9403-10671dcb4cdc___FAM_L.Blight 3788.JPG,Leaf_blight,Leaf_blight,0.0031195287525692867,0.0028642359460702535,0.0020815056448954725,0.9919347296564648,True
51a236ae-939f-4f9e-97bf-f0ea246b637f___FAM_L.Blight 4743.JPG,Leaf_blight,Leaf_blight,3.4252378848488534e-07,4.351039205065342e-07,1.5982421108508614e-07,0.9999990625480799,True
522e6b5a-0a38-4d51-a0f5-1665f818f23e___FAM_L.Blight 1612.JPG,Leaf_blight,Leaf_blight,0.002747588644547262,0.0030324879068502155,0.0022253036486661443,0.9919946197999364,True
52c1cf06-9639-4877-b9e0-8579b8d85232___FAM_L.Blight 1638.JPG,Leaf_blight,Leaf_blight,5.422146470503586e-07,6.635290060748238e-07,2.513808459044414e-07,0.999998542875501,True
52d309ed-a833-4def-9950-0cc29a3b5952___FAM_L.Blight 4802.JPG,Leaf_blight,Leaf_blight,0.00046342487565667807,0.0005040855303234691,0.0006576056909144076,0.9983748839031055,True
53564db3-6a7d-48e3-9cf8-b77b48fa0502___FAM_L.Blight 1412.JPG,Leaf_blight,Leaf_blight,2.0300814845347536e-07,2.0434462455909972e-07,8.357798981534527e-08,0.9999995090692372,True
54396503-ef60-4a0b-b38c-9b041a2f9d53___FAM_L.Blight 1496.JPG,Leaf_blight,Leaf_blight,1.4670915953679223e-06,8.798165184777298e-07,5.774305625906254e-07,0.9999970756613236,True
57f4032d-d8f1-42e9-b133-c4b07f3dedcc___FAM_L.Blight 1545.JPG,Leaf_blight,Leaf_blight,0.0004173571775221756,0.0015202604937810005,0.0008811620790362518,0.9971812202496605,True
58d319d5-99c7-4cd1-9584-b24797c2ad8d___FAM_L.Blight 3720.JPG,Leaf_blight,Leaf_blight,0.0016509694007767035,0.009618319329566827,0.0014161048104658657,0.9873146064591908,True
58d47a34-17b6-42e8-a726-16e238ddf11b___FAM_L.Blight 4679.JPG,Leaf_blight,Leaf_blight,3.4801335044956097e-07,3.8182168556077354e-07,1.5107860547053053e-07,0.9999991190863586,True
5926a096-60be-4f1f-bf8c-a665ab588861___FAM_L.Blight 1609.JPG,Leaf_blight,Leaf_blight,7.631617231814785e-07,9.403211184866818e-07,3.4816836673807913e-07,0.9999979483487916,True
59f88755-a95e-42a8-b7ec-5e139d4d7d0e___FAM_L.Blight 3689.JPG,Leaf_blight,Leaf_blight,5.243027170435991e-07,4.742236773860233e-07,2.1295885463485638e-07,0.9999987885147509,True
5a50e65a-30a7-4a66-a46a-ab43b2ac6317___FAM_L.Blight 4652.JPG,Leaf_blight,Leaf_blight,4.368420446314745e-08,3.00221113939773e-08,1.702679815472276e-08,0.999999909266886,True
5acd6847-c005-4bf8-a676-80c93e802f87___FAM_L.Blight 0810.JPG,Leaf_blight,Leaf_blight,0.13651821282199167,0.0035907095962492584,0.004240113979549337,0.8556509636022098,True
5ae558a8-4305-415c-9b99-3e3062011d1b___FAM_L.Blight 4904.JPG,Leaf_blight,Leaf_blight,2.6833422514867164e-07,2.546039606140708e-07,1.0766833148185154e-07,0.9999993693934828,True
5d261e2e-5541-4b94-b3d4-bce65bd7e12d___FAM_L.Blight 1679.JPG,Leaf_blight,Leaf_blight,0.0003275358555656169,0.0008244119444816814,0.001118211470509808,0.997729840729443,True
5ffff25b-fcaa-4f93-ba23-9315ce5adcd6___FAM_L.Blight 1451.JPG,Leaf_blight,Leaf_blight,3.5695472261444575e-07,3.5960231636625075e-07,1.4399963095176712e-07,0.9999991394433301,True
61035474-7322-4ef0-82f6-9fbc8deed18f___FAM_L.Blight 4604.JPG,Leaf_blight,Leaf_blight,0.04854404802196657,0.011233278469045238,0.0008044905699636735,0.9394181829390245,True
61356c31-6b08-4995-a192-1d44a5d20d8e___FAM_L.Blight 3643.JPG,Leaf_blight,Leaf_blight,1.6061274186750386e-06,9.276537270340594e-07,6.119258227660478e-07,0.9999968542930315,True
61580347-a393-4521-bec9-dc195a94b7f2___FAM_L.Blight 1468.JPG,Leaf_blight,Leaf_blight,0.021411844024623417,0.034985680762966674,0.0002801005580186972,0.9433223746543911,True
6163597f-f7bc-4802-a9b8-cda506a1857a___FAM_L.Blight 1707.JPG,Leaf_blight,Leaf_blight,1.6960712178967811e-06,1.294480723462101e-06,7.506709116907782e-07,0.9999962587771469,True
6378484e-ee1d-4d23-9fbc-4af29fb0b14b___FAM_L.Blight 1518.JPG,Leaf_blight,Leaf_blight,0.0017138114293783506,0.0014614593814632625,0.0004852201865464214,0.9963395090026119,True
65f20309-60c7-4a2c-acbd-5ae4efcdc4ef___FAM_L.Blight 3680.JPG,Leaf_blight,Leaf_blight,5.821640251115436e-07,4.304868100378672e-07,2.0732201757819376e-07,0.9999987800271473,True
6679c348-59cb-4732-8ae3-928451bf4b13___FAM_L.Blight 4715.JPG,Leaf_blight,Leaf_blight,4.4564095005163303e-07,5.460004896382482e-07,2.08072915763436e-07,0.9999988002856446,True
67404133-edc0-4e07-a4ec-6bcb825e3702___FAM_L.Blight 4675.JPG,Leaf_blight,Leaf_blight,4.1980718765908127e-07,3.212665882157936e-07,1.5670023174077013e-07,0.9999991022259923,True
69a14243-b896-4910-8c9a-f96920d738d8___FAM_L.Blight 1722.JPG,Leaf_blight,Leaf_blight,2.846744164222026e-06,1.9640785333717186e-06,9.875825823983503e-07,0.9999942015947201,True
6aee7b78-f557-4a97-bced-7f6e2c1ffae0___FAM_L.Blight 3650.JPG,Leaf_blight,Leaf_blight,3.8876478702423075e-07,4.063433717282386e-07,1.5784336480412302e-07,0.9999990470484764,True
6b7e17e8-e033-4eb5-93bc-c313fd70c8a7___FAM_L.Blight 4815.JPG,Leaf_blight,Leaf_blight,1.2357822193209933e-07,8.764593648895534e-08,4.522854958775786e-08,0.999999743547292,True
6bac8771-bc3c-48a6-96f9-f43994aeb832___FAM_L.Blight 3706.JPG,Leaf_blight,Leaf_blight,1.8866870795176333e-07,2.422115277296071e-07,8.764736357471185e-08,0.9999994814724007,True
6e4d7942-a265-44b0-990e-0f3448a21f31___FAM_L.Blight 3787.JPG,Leaf_blight,Leaf_blight,0.0021188456392997016,0.003457226696942807,0.0026233916011329504,0.9918005360626245,True
6ef1c3be-ce3e-416a-ba51-d7b6b53d3faf___FAM_L.Blight 4969.JPG,Leaf_blight,Leaf_blight,0.0005851341532574503,0.0009186034638741235,0.0006349125905036544,0.9978613497923646,True
6f133cb4-b5c3-4f41-a22d-59fb7ec591f0___FAM_L.Blight 4545.JPG,Leaf_blight,Leaf_blight,1.301081591884104e-07,8.014259091686038e-08,4.79677205591871e-08,0.9999997417815293,True
6f672efb-7502-4585-8544-facc7b82d96b___FAM_L.Blight 0796.JPG,Leaf_blight,Leaf_blight,6.535695992138302e-07,7.944913397410989e-07,3.0411101644125426e-07,0.9999982478280446,True
7231252d-783a-4fd9-87d1-f1867b5f74c7___FAM_L.Blight 1443.JPG,Leaf_blight,Leaf_blight,0.0006327453724053673,0.0021029599009776273,0.00023825177894485218,0.9970260429476723,True
735a324d-b956-410d-9f23-ad68fbd56b21___FAM_L.Blight 1550.JPG,Leaf_blight,Leaf_blight,0.000489742868893832,0.0014691225263645399,0.00033140506813783603,0.9977097295366036,True
74290c7b-f998-46b0-9681-eacb44dbb022___FAM_L.Blight 1413.JPG,Leaf_blight,Leaf_blight,1.2981909583283887e-06,1.299969664773882e-06,5.719258854571549e-07,0.9999968299134915,True
748117e1-e645-4cc4-a8d3-b3b7f64c22cf___FAM_L.Blight 1477.JPG,Leaf_blight,Leaf_blight,0.0006053814242374554,0.001452823903453451,0.0002497480023456267,0.9976920466699635,True
754505a9-a4d3-4dc4-a136-b55389b80b76___FAM_L.Blight 1698.JPG,Leaf_blight,Leaf_blight,1.558904766509202e-06,2.4568233261455203e-06,8.895353124156556e-07,0.9999950947365949,True
756bd990-15bf-447e-9e3d-3d597509a79d___FAM_L.Blight 4605.JPG,Leaf_blight,Leaf_blight,3.147594625214393e-07,1.821534422438303e-07,1.4980553311912265e-07,0.9999993532815621,True
76e6f4da-eb1d-4af9-9bd0-75a46b9f47da___FAM_L.Blight 1589.JPG,Leaf_blight,Leaf_blight,0.003004294514511949,0.004904627955737869,0.0007090110613504364,0.9913820664683998,True
791fbbb4-087e-4a00-9694-de48028f8d1f___FAM_L.Blight 4724.JPG,Leaf_blight,Leaf_blight,3.706860017533667e-07,4.651802125346245e-07,1.6424430220788617e-07,0.9999989998894835,True
79a36ce0-653e-4607-a6ac-bfa5e0209fc2___FAM_L.Blight 4767.JPG,Leaf_blight,Leaf_blight,0.003123578774802411,0.010548094411698017,0.0011351865523408636,0.9851931402611587,True
7abb01f9-fba8-4f04-a8b4-aacbe78adf77___FAM_L.Blight 4993.JPG,Leaf_blight,Leaf_blight,0.0005156089970218011,0.0007248190528825155,0.0008291808169161012,0.9979303911331796,True
8058a339-b754-473f-8d6a-7561787ada09___FAM_L.Blight 1499.JPG,Leaf_blight,Leaf_blight,0.0036198092587631393,0.004230264698871317,9.043151441802581e-05,0.9920594945279474,True
80a81205-f5b3-477b-b3a1-3982a8ff2435___FAM_L.Blight 0813.JPG,Leaf_blight,Leaf_blight,1.9347295941897488e-07,1.242391162506256e-07,6.90704681818418e-08,0.9999996132174562,True
80bc3455-9ec0-4ec7-8681-10a063facbae___FAM_L.Blight 3688.JPG,Leaf_blight,Leaf_blight,2.993114112339143e-06,2.96349227691938e-06,1.2991052698152899e-06,0.9999927442883408,True
8243e3f5-4864-4944-956c-9fdcab4b18ef___FAM_L.Blight 1548.JPG,Leaf_blight,Leaf_blight,7.13088144247301e-07,8.930126129798339e-07,3.429718498015537e-07,0.999998050927393,True
836d2a24-5de9-4104-901e-ea3106ad7eb5___FAM_L.Blight 1441.JPG,Leaf_blight,Leaf_blight,0.000365601356734237,0.0010090407591131498,0.00026800544108411816,0.9983573524430684,True
8392a4e9-5994-4044-aebf-3a333f63fccf___FAM_L.Blight 1540.JPG,Leaf_blight,Leaf_blight,0.0006331119393369172,0.0016218347883252028,0.0001544347694198314,0.997590618502918,True
8436510b-4989-4f31-bd77-0e4583db26c3___FAM_L.Blight 1685.JPG,Leaf_blight,Leaf_blight,0.0003119013366405326,0.00030663589418085683,0.0008782280920506593,0.9985032346771278,True
85b5b58b-ce03-4a10-844e-08e3b2c14d61___FAM_L.Blight 4573.JPG,Leaf_blight,Leaf_blight,8.081904630472127e-07,4.740941244576778e-07,3.339080107747623e-07,0.9999983838074017,True
88a40dd6-6598-4b9a-9303-4757546e3d9d___FAM_L.Blight 1583.JPG,Leaf_blight,Leaf_blight,4.642734240460039e-06,5.572204439650975e-06,2.2157340694607635e-06,0.9999875693272505,True
89cd6ba7-d7a5-42b9-b082-4d5206ac2e28___FAM_L.Blight 4627.JPG,Leaf_blight,Leaf_blight,0.0012968848344054886,0.001756603832104638,0.0003618034368812588,0.9965847078966086,True
89dc7e98-963f-46e6-ada5-52f691f73cf1___FAM_L.Blight 1664.JPG,Leaf_blight,Leaf_blight,0.0010577436512040508,0.000964761211339586,0.0014375585473760666,0.9965399365900804,True
8d9ebabe-3872-4158-a212-71089fd3f285___FAM_L.Blight 0802.JPG,Leaf_blight,Leaf_blight,0.003216766828605972,0.0022620747364231726,0.0019444109608682597,0.9925767474741025,True
8e6b80f3-8faa-4703-8d62-73669c62f19b___FAM_L.Blight 1484.JPG,Leaf_blight,Leaf_blight,0.0003468334901711253,0.0010997841118830659,3.405064973584955e-05,0.9985193317482098,True
8ec33d2f-9a5e-45a8-93f3-0eed57944d7b___FAM_L.Blight 1377.JPG,Leaf_blight,Leaf_blight,0.002761964502826583,0.0008451553250221802,0.00048125424182178755,0.9959116259303292,True
8ed09c19-b193-4134-94df-b1491c5f2daf___FAM_L.Blight 4721.JPG,Leaf_blight,Leaf_blight,0.0006671611323055146,0.003303174625579689,0.00029451736308264717,0.9957351468790323,True
904ad76d-c2c5-43b2-a874-7b80602602d5___FAM_L.Blight 4608.JPG,Leaf_blight,Leaf_blight,0.0003538430387756678,0.0011711424240249254,9.095820527778576e-05,0.9983840563319216,True
914468c9-33f4-4da4-8eb2-23ab4225c3f5___FAM_L.Blight 4973.JPG,Leaf_blight,Leaf_blight,0.0004241231813905753,0.00049402878230477,0.0007818858212885469,0.998299962215016,True
91f06eef-b307-4632-a470-99f15e05f54a___FAM_L.Blight 1485.JPG,Leaf_blight,Leaf_blight,0.0002108895614189913,0.0009041001199836492,0.0002859072216302484,0.998599103096967,True
92c366a7-958d-49ea-b5b7-b18373d4ea49___FAM_L.Blight 3649.JPG,Leaf_blight,Leaf_blight,0.00025867688185679045,0.0016294106067537928,0.00013097539338652157,0.9979809371180031,True
93ceca0e-43ec-4b03-97ab-6dc037899eec___FAM_L.Blight 4510.JPG,Leaf_blight,Leaf_blight,2.173892457708676e-07,2.5371865301190183e-07,9.327193449482883e-08,0.9999994356201667,True
996560b8-816d-486d-af99-7777c85ec89d___FAM_L.Blight 4835.JPG,Leaf_blight,Leaf_blight,0.004933020905721787,0.0027839118103538327,0.0018868318321865313,0.9903962354517378,True
999e3735-a305-4048-8bcf-08995660e12e___FAM_L.Blight 4535.JPG,Leaf_blight,Leaf_blight,1.7699395167395906e-06,1.1008744563662174e-06,6.806263109389784e-07,0.9999964485597159,True
9ad9a56b-ab99-4373-8aea-e8eca129c7c3___FAM_L.Blight 0808.JPG,Leaf_blight,Leaf_blight,0.0007264655140005364,0.0008190215662614064,0.0010003498143581965,0.99745416310538,True
9b979112-411f-4bf3-94cf-b3d99382a046___FAM_L.Blight 1495.JPG,Leaf_blight,Leaf_blight,4.136457366714286e-07,2.4485254549723004e-07,1.6937386696981914e-07,0.9999991721278508,True
9d62bde9-951a-4b1a-ac24-09131cabd8dc___FAM_L.Blight 1556.JPG,Leaf_blight,Leaf_blight,0.000534532851246631,0.0013046524515347908,6.044927910235326e-05,0.9981003654181162,True
9e7bf72d-a42c-4d5b-974a-41cafa8ad856___FAM_L.Blight 1536.JPG,Leaf_blight,Leaf_blight,0.00024490531981736537,0.0010307724327671723,0.0002831758238516272,0.9984411464235637,True
a01aed25-9434-4352-8d7f-eb208ac65b59___FAM_L.Blight 3729.JPG,Leaf_blight,Leaf_blight,0.0016334804881377955,0.0010765113979428905,9.449914423980297e-05,0.9971955089696796,True
a08e6727-aac8-4e31-9bc1-c687207106dd___FAM_L.Blight 3655.JPG,Leaf_blight,Leaf_blight,3.7531245950389473e-07,3.294457192618576e-07,1.5781641778751588e-07,0.9999991374254035,True
a0cf615d-82ba-4200-832b-8c35e724f7b7___FAM_L.Blight 4959.JPG,Leaf_blight,Leaf_blight,1.279291356590364e-06,2.122937746847168e-06,7.576577777143062e-07,0.9999958401131188,True
a2087038-2e20-4549-98bb-dd657d4a28d8___FAM_L.Blight 3743.JPG,Leaf_blight,Leaf_blight,2.6820178343045867e-06,1.9716385171937136e-06,9.481451586028068e-07,0.9999943981984899,True
a2a7d53f-b437-4b33-b57d-489cb882ceb1___FAM_L.Blight 1490.JPG,Leaf_blight,Leaf_blight,0.00015136456882350996,0.001363385418569469,0.00033300384101110034,0.998152246171596,True
a3ed2570-7749-432c-971b-56c684aac305___FAM_L.Blight 4579.JPG,Leaf_blight,Leaf_blight,1.1126099704282625e-07,7.618402370242704e-08,4.0666910464061294e-08,0.9999997718880688,True
a3f8d893-6d31-4115-bd62-c6af363e8f6c___FAM_L.Blight 4760.JPG,Leaf_blight,Leaf_blight,1.8729673196920206e-07,1.7287762499736696e-07,7.679877543671064e-08,0.9999995630268675,True
a561efdd-a5af-4326-9600-861cde75b09d___FAM_L.Blight 1623.JPG,Leaf_blight,Leaf_blight,9.087456895910209e-07,1.1284329221887563e-06,4.273237921035984e-07,0.9999975354975962,True
a806930f-9bee-4c5b-b354-bbfb2b633790___FAM_L.Blight 3666.JPG,Leaf_blight,Leaf_blight,1.533089077385979e-07,1.4545362532294798e-07,5.978376221817534e-08,0.9999996414537047,True
a964125d-6ede-4db2-9131-23b9dabe3dc3___FAM_L.Blight 4823.JPG,Leaf_blight,Leaf_blight,7.470620384970452e-07,4.777983255732998e-07,3.0124012569402385e-07,0.9999984738995102,True
aa04ad0f-141c-4e2d-b9f6-0f3899af1d40___FAM_L.Blight 0782.JPG,Leaf_blight,Leaf_blight,0.006019420946990012,0.0019068473212655642,0.001786230831310789,0.9902875009004335,True
aabfd287-1fb1-4002-b193-8bcc729e1c07___FAM_L.Blight 1526.JPG,Leaf_blight,Leaf_blight,0.05308329828617154,0.0038986305310946615,0.0033216707137247972,0.939696400469009,True
abc17dae-01ec-4161-84f0-6e374ef82f39___FAM_L.Blight 1369.JPG,Leaf_blight,Leaf_blight,4.890576284888733e-07,3.630693516772124e-07,2.0156405121757141e-07,0.9999989463089687,True
abe606fb-ca07-4c09-9d41-944c717f6fc8___FAM_L.Blight 1513.JPG,Leaf_blight,Leaf_blight,0.004698084977185812,0.004467371666538193,0.0008244260075673847,0.9900101173487085,True
ac025db6-6342-4dd6-9ea0-19ffc2d112ef___FAM_L.Blight 4939.JPG,Leaf_blight,Leaf_blight,0.0009223381476370128,0.004669714946092753,0.000855855596840641,0.9935520913094297,True
ad9a833c-4242-4945-a92a-9d68e758ad6c___FAM_L.Blight 1544.JPG,Leaf_blight,Leaf_blight,0.0005720638332379229,0.002139835015316989,0.0010032669430522945,0.9962848342083928,True
af35c228-1910-47aa-acbd-6e099be38ce2___FAM_L.Blight 4928.JPG,Leaf_blight,Leaf_blight,0.0010531754174813988,0.0011223737117480243,0.0009820303354097129,0.996842420535361,True
af48285c-385a-473e-871b-6f2e72ae4002___FAM_L.Blight 4798.JPG,Leaf_blight,Leaf_blight,2.729030655725057e-07,2.9827675743666204e-07,1.1741851995540272e-07,0.999999311401657,True
afa1aa52-eed2-47a3-9935-ee74531d376d___FAM_L.Blight 4572.JPG,Leaf_blight,Leaf_blight,2.032516051962919e-07,1.241176074084671e-07,8.07062535429079e-08,0.9999995919245338,True
b0dfd9ec-fa42-4ca4-ad8b-76be947df409___FAM_L.Blight 1683.JPG,Leaf_blight,Leaf_blight,0.0013941969060905824,0.0016508189830274883,0.0009238662596792465,0.9960311178512029,True
b277b0c6-846c-45f5-b314-e04d965e22be___FAM_L.Blight 4996.JPG,Leaf_blight,Leaf_blight,0.0007206480957699455,0.0024003933621402425,0.0011722943623336578,0.9957066641797561,True
b2782d03-fed9-4964-bb41-aeb868271624___FAM_L.Blight 1602.JPG,Leaf_blight,Leaf_blight,6.36831287654784e-07,5.388616035945341e-07,2.556519943658236e-07,0.9999985686551144,True
b42f7e3e-513e-4b66-a19a-91b1867932de___FAM_L.Blight 1361.JPG,Leaf_blight,Leaf_blight,0.0008226237998171509,0.0012865880438053291,0.0007815919807066558,0.9971091961756708,True
b69d2a63-5035-4338-93ee-6e00d9604eab___FAM_L.Blight 3744.JPG,Leaf_blight,Leaf_blight,2.0669626897569323e-06,2.4848997915238123e-06,9.279620347749688e-07,0.9999945201754841,True
b939c614-4205-4de8-acbc-277f29375dd2___FAM_L.Blight 4602.JPG,Leaf_blight,Leaf_blight,1.2308848481422118e-06,7.893364367079938e-07,6.076731785421474e-07,0.9999973721055365,True
ba1a3c37-04cd-4fbf-bac2-fecad04c3c73___FAM_L.Blight 4985.JPG,Leaf_blight,Leaf_blight,0.004242763109511733,0.007136359774613195,0.0026757637015295053,0.9859451134143455,True
ba8778b1-8caf-47b6-a3c1-d0d5b259a0c0___FAM_L.Blight 1603.JPG,Leaf_blight,Leaf_blight,0.0019203348076023005,0.0042482946034945535,0.0004767702851144372,0.993354600303789,True
be21ce1d-836b-4977-ad51-bb20114ccd50___FAM_L.Blight 1510.JPG,Leaf_blight,Leaf_blight,2.0372768698235725e-06,1.3379167879537825e-06,8.540240995861688e-07,0.9999957707822427,True
be4475e2-a944-42de-97f2-5e88d7b3de56___FAM_L.Blight 1528.JPG,Leaf_blight,Leaf_blight,0.016694341091122705,0.003634046503831848,0.00017951481119153978,0.9794920975938538,True
bf5d46e1-b390-4a0a-8243-1f6d928652b0___FAM_L.Blight 0779.JPG,Leaf_blight,Leaf_blight,0.0027793637511869885,0.0008748654030496483,0.002020507772151979,0.9943252630736112,True
bf649868-cda0-4a7b-a6ec-b12d192f3122___FAM_L.Blight 1424.JPG,Leaf_blight,Leaf_blight,6.885631796953618e-07,5.426420490287821e-07,2.7888586088269404e-07,0.9999984899089105,True
bf72c2cd-8598-4fd3-8486-8d059aa7e84a___FAM_L.Blight 3746.JPG,Leaf_blight,Leaf_blight,1.809895449475622e-06,1.875098430125383e-06,7.46217769671732e-07,0.9999955687883507,True
c04e9229-715d-4991-91d3-ed6acae91326___FAM_L.Blight 4636.JPG,Leaf_blight,Leaf_blight,0.013164321203995338,0.016014841793597096,0.00442034692363421,0.9664004900787733,True
c1336a7c-701e-4455-a04c-204eadaf42c2___FAM_L.Blight 0793.JPG,Leaf_blight,Leaf_blight,4.928200224159981e-07,5.425079876808457e-07,2.1082539083432655e-07,0.9999987538465992,True
c1c6c2d3-7d1b-409e-9069-42112567c85c___FAM_L.Blight 1731.JPG,Leaf_blight,Leaf_blight,0.0004022014760155886,0.0006292319057729135,0.0005241590535814683,0.9984444075646299,True
c26745db-93a8-4ec5-a149-a5d60339c090___FAM_L.Blight 4846.JPG,Leaf_blight,Leaf_blight,0.0018134086363907741,0.0006475671354833021,0.00014413365083920226,0.9973948905772866,True
c36c4484-e4bf-46ad-bdd3-b6075bc38719___FAM_L.Blight 1585.JPG,Leaf_blight,Leaf_blight,0.0004103630546017378,0.0004247532495434093,0.0005294933143721863,0.9986353903814826,True
c4456b3d-20aa-4a42-bcfc-409891f57068___FAM_L.Blight 5007.JPG,Leaf_blight,Leaf_blight,0.0011159689769211598,0.0023034615456416553,0.0012340777327384054,0.9953464917446987,True
c4551049-65cf-4da7-820d-e773ffa54ead___FAM_L.Blight 1607.JPG,Leaf_blight,Leaf_blight,0.0007341281763795852,0.0013936908650773426,0.00025097975815201266,0.9976212012003911,True
c4d2c087-d73d-4e0e-9dd6-6b2da0f2faaf___FAM_L.Blight 4659.JPG,Leaf_blight,Leaf_blight,7.802500942804793e-08,7.031230870137557e-08,2.97670433360067e-08,0.9999998218956386,True
c550df77-b653-4415-be0a-dc04a2ad8abd___FAM_L.Blight 1616.JPG,Leaf_blight,Leaf_blight,0.001410121421928965,0.0017787607686360772,0.0010492365127602273,0.9957618812966749,True
c5fd9bf9-9d55-4c91-a83f-2115d4771c90___FAM_L.Blight 4527.JPG,Leaf_blight,Leaf_blight,0.0005858406309049298,0.000647168470091121,0.0008357295279854809,0.9979312613710185,True
c801581b-6e85-4c4e-8d0a-b9a87299a8f6___FAM_L.Blight 4660.JPG,Leaf_blight,Leaf_blight,1.3245660609444243e-07,1.2782923705113012e-07,5.272834696896248e-08,0.9999996869858099,True
c9a2c0cb-b461-437f-960d-b9475bfe3a34___FAM_L.Blight 4696.JPG,Leaf_blight,Leaf_blight,4.050564399380136e-07,3.939801867870639e-07,1.7387306518372701e-07,0.9999990270903081,True
ca6e4a1a-f519-4cfa-b379-d21c15b21716___FAM_L.Blight 1429.JPG,Leaf_blight,Leaf_blight,0.0037867979926551206,0.0019074058118144098,0.0016294361934217154,0.9926763600021087,True
caa24bc6-c55d-4730-856f-a397108a7887___FAM_L.Blight 4756.JPG,Leaf_blight,Leaf_blight,5.578226949059806e-08,4.119036645610036e-08,2.0970638853526643e-08,0.9999998820567253,True
cb340afd-cfe7-47f7-84c6-28c8d4dd3166___FAM_L.Blight 0803.JPG,Leaf_blight,Leaf_blight,0.0011254628485042235,0.0008603336825327618,0.0014873784634850565,0.9965268250054782,True
cc292d77-4144-4187-b71d-f837375a2fe6___FAM_L.Blight 4999.JPG,Leaf_blight,Leaf_blight,0.0011153607546317893,0.0009608922227529887,0.0013901160050555778,0.9965336310175594,True
cc8ea399-d7a8-4470-850c-b8ee0ac965fd___FAM_L.Blight 1539.JPG,Leaf_blight,Leaf_blight,1.259440241454077e-06,7.428113612264783e-07,6.601905212317686e-07,0.9999973375578761,True
cdb32553-9038-435f-b747-a60e1641f640___FAM_L.Blight 1691.JPG,Leaf_blight,Leaf_blight,1.6565157308561477e-06,1.8465336458887593e-06,7.290685616148343e-07,0.9999957678820617,True
cf7d0e37-26c6-4b6a-a44b-d97a4a7f1b68___FAM_L.Blight 1706.JPG,Leaf_blight,Leaf_blight,0.003505787558488739,0.003064977896090157,0.0008696262605068928,0.9925596082849143,True
d02f2db4-f724-4c32-b186-c63f5a49f7cc___FAM_L.Blight 1593.JPG,Leaf_blight,Leaf_blight,0.00267332665386558,0.0034163465879431874,8.578936069452929e-05,0.9938245373974967,True
d2fd27d9-bdca-4e65-8891-adfbef5b8f1d___FAM_L.Blight 4960.JPG,Leaf_blight,Leaf_blight,0.0012104840770928622,0.0008940476635247342,0.0010535502480907056,0.9968419180112917,True
d3d62bd0-f903-4774-82e8-f369346d402a___FAM_L.Blight 1557.JPG,Leaf_blight,Leaf_blight,7.754588191080988e-07,7.564680782742188e-07,3.2092179678649947e-07,0.9999981471513059,True
d4c5388d-0347-4754-94ff-c54f9e3f4a49___FAM_L.Blight 1415.JPG,Leaf_blight,Leaf_blight,0.0015637158399742642,0.0019127233867797953,0.0005495839559683524,0.9959739768172773,True
d5bcd270-8d64-4e39-b72e-0d43d4eb48d7___FAM_L.Blight 3766.JPG,Leaf_blight,Leaf_blight,6.519497416433864e-08,5.5806041101429886e-08,2.4919289970019384e-08,0.9999998540796947,True
dadd9301-137b-4845-a38b-bade89aef516___FAM_L.Blight 4953.JPG,Leaf_blight,Leaf_blight,0.002963767797372074,0.004735781470926115,0.0020067539144369498,0.9902936968172651,True
dd675f69-4e2b-4d36-9aac-d0e3463cbc74___FAM_L.Blight 4736.JPG,Leaf_blight,Leaf_blight,6.016673168618332e-07,4.1596155511444215e-07,2.385940835094318e-07,0.9999987437770446,True
ddf56736-b01a-45bd-90d8-04c8713b6dbe___FAM_L.Blight 1389.JPG,Leaf_blight,Leaf_blight,1.3948384801406875e-06,1.5480563679958211e-06,5.917838948487621e-07,0.999996465321257,True
df3ee378-7fc4-4fec-99f9-5567dc7ff433___FAM_L.Blight 1605.JPG,Leaf_blight,Leaf_blight,1.6460361010289092e-07,1.5127208833554528e-07,6.462866236336835e-08,0.9999996194956392,True
e6e1375d-9479-4f14-8803-53fd7f926a76___FAM_L.Blight 3785.JPG,Leaf_blight,Leaf_blight,1.5685888062675218e-06,9.118701079921087e-07,5.636702186511617e-07,0.9999969558708671,True
e8015556-3831-4558-a250-00296a0e9995___FAM_L.Blight 4981.JPG,Leaf_blight,Leaf_blight,0.00023334626855688165,0.0002704221347285362,0.0005295424470412597,0.9989666891496731,True
e845e2f2-9ceb-4efc-a447-906efc13dedf___FAM_L.Blight 3771.JPG,Leaf_blight,Leaf_blight,3.2867658634973864e-07,3.5250604326858e-07,1.4263249723700967e-07,0.9999991761848731,True
e8ad38c3-ba28-4ce8-b034-9205dd18ee00___FAM_L.Blight 1610.JPG,Leaf_blight,Leaf_blight,1.0635789041956184e-06,1.3245702855299376e-06,4.969380627634372e-07,0.9999971149127476,True
e8ec7cf5-498b-42dc-b084-17d38d48edbe___FAM_L.Blight 4930.JPG,Leaf_blight,Leaf_blight,0.00037461980637429316,0.0016793635923828816,0.0004128509618953956,0.9975331656393475,True
e8efb1fe-9127-466c-b7b6-419b6894f3ac___FAM_L.Blight 1686.JPG,Leaf_blight,Leaf_blight,0.00013306359070137347,0.00035760382478809563,0.00060609028182611,0.9989032423026843,True
e9bb7f70-2d50-4500-b068-3ac1dfd15b62___FAM_L.Blight 4970.JPG,Leaf_blight,Leaf_blight,0.0007788742163581867,0.0031771333546537664,0.0009502443408684388,0.9950937480881196,True
eaf528ce-a6aa-4a9d-ab54-ed27c30b4078___FAM_L.Blight 4903.JPG,Leaf_blight,Leaf_blight,0.010067735504628054,0.0037494252059245945,0.0014811746079212852,0.984701664681526,True
ec0d638f-53ff-44b6-bfeb-12d0188d46f3___FAM_L.Blight 4622.JPG,Leaf_blight,Leaf_blight,0.0009762505651720551,0.002025612099896,0.00042122291398172566,0.9965769144209502,True
ecf52a0a-9f08-4a06-8718-844e61ba3628___FAM_L.Blight 1688.JPG,Leaf_blight,Leaf_blight,7.305652663144071e-07,8.150176737564993e-07,3.2162468632768496e-07,0.9999981327923736,True
eded00cb-201d-41e2-88ab-11562cfb8029___FAM_L.Blight 1388.JPG,Leaf_blight,Leaf_blight,0.003065415083083064,0.004385209608729733,0.0008279126368869537,0.9917214626713002,True
ee92d217-67ac-4064-a0e6-e4c84c887e4c___FAM_L.Blight 4727.JPG,Leaf_blight,Leaf_blight,0.0014432540190908436,0.0017552909400233494,0.0005688763742564375,0.9962325786666292,True
f1ae3b07-24a3-4e55-8947-494588047851___FAM_L.Blight 4692.JPG,Leaf_blight,Leaf_blight,9.870190168377505e-07,7.161606678600688e-07,3.589730924546854e-07,0.9999979378472228,True
f2337879-90af-4102-8885-64bff901c181___FAM_L.Blight 1379.JPG,Leaf_blight,Leaf_blight,0.3047694577630381,0.01222912334646755,0.003257354063596924,0.6797440648268976,True
f3684071-c149-4b67-9b0c-6284cce6f7c4___FAM_L.Blight 1395.JPG,Leaf_blight,Leaf_blight,2.7506318407451713e-07,2.254531027703054e-07,1.0232264212113955e-07,0.9999993971610711,True
f387a6d9-a75e-4730-b6bf-99e6440ac5e6___FAM_L.Blight 1694.JPG,Leaf_blight,Leaf_blight,1.0145433214773985e-06,1.4405128678168233e-06,5.12034013983594e-07,0.9999970329097968,True
f636d153-3cbb-45e1-a691-40687e1bbe99___FAM_L.Blight 1630.JPG,Leaf_blight,Leaf_blight,1.1819496205691147e-06,1.115155927572407e-06,4.7398149472290893e-07,0.9999972289129572,True
f681ecc4-ed9e-459f-b192-75c3060fac2a___FAM_L.Blight 4986.JPG,Leaf_blight,Leaf_blight,0.0019066788127955563,0.002245817919059815,0.0016065991093294231,0.994240904158815,True
f6f9087d-e3e0-4589-9235-e1920938a9f1___FAM_L.Blight 4836.JPG,Leaf_blight,Leaf_blight,0.0024116161030095563,0.002465010249769498,0.0018332360474960306,0.9932901375997251,True
f747c1ee-b157-4e64-a5e4-8f3ea2c7c6b5___FAM_L.Blight 4691.JPG,Leaf_blight,Leaf_blight,0.00032168328130801536,0.0014640163653959228,6.0270923794736214e-05,0.9981540294295012,True
f99fb4b7-78bc-4c3a-a76b-4b25dec56864___FAM_L.Blight 3647.JPG,Leaf_blight,Leaf_blight,2.2834136216241535e-07,2.123199138926431e-07,8.906260849733341e-08,0.9999994702761156,True
fa6d9052-fffa-4bb3-bfd8-902070e26ad7___FAM_L.Blight 4912.JPG,Leaf_blight,Leaf_blight,1.3528812275482459e-06,1.011500153605981e-06,5.786374250429755e-07,0.9999970569811938,True
fd09dd32-0978-49d8-b1d3-77ddd59f2e92___FAM_L.Blight 1547.JPG,Leaf_blight,Leaf_blight,0.000216751757935876,0.0021432095014836585,0.00027481751608684796,0.9973652212244938,True
